{
    "render_type": "cutout",
    "elements": [
        {   "from": [ 0, 0, 0 ],
            "to": [ 16, 16, 16 ],
            "faces": {
                "down":  { "uv": [16, 0, 0, 16], "texture": "#down", "cullface": "down" },
                "up":    { "uv": [16, 0, 0, 16], "texture": "#up", "cullface": "up" },
                "north": { "uv": [16, 0, 0, 16], "texture": "#north", "cullface": "north" },
                "south": { "uv": [16, 0, 0, 16], "texture": "#south", "cullface": "south" },
                "west":  { "uv": [16, 0, 0, 16], "texture": "#west", "cullface": "west" },
                "east":  { "uv": [16, 0, 0, 16], "texture": "#east", "cullface": "east" }
            }
        },
        {   "from": [ 0, 0, 0 ],
            "to": [ 16, 16, 16 ],
            "faces": {
                "down":  { "uv": [16, 0, 0, 16], "texture": "#down_overlay", "cullface": "down", "tintindex": -101 },
                "up":    { "uv": [16, 0, 0, 16], "texture": "#up_overlay", "cullface": "up", "tintindex": -101 },
                "north": { "uv": [16, 0, 0, 16], "texture": "#north_overlay", "cullface": "north", "tintindex": -101 },
                "south": { "uv": [16, 0, 0, 16], "texture": "#south_overlay", "cullface": "south", "tintindex": -101 },
                "west":  { "uv": [16, 0, 0, 16], "texture": "#west_overlay", "cullface": "west", "tintindex": -101 },
                "east":  { "uv": [16, 0, 0, 16], "texture": "#east_overlay", "cullface": "east", "tintindex": -101 }
            }
        }
    ]
}
