{
	"credit": "Made with Blockbench",
	"ambientocclusion": false,
    "render_type": "cutout",
	"textures": {
		"particle": "block/sculk_vein",
		"sculk_vein": "block/sculk_vein",
		"sculk_vein_overlay": "block/sculk_vein_glow"
	},
	"elements": [
		{
			"from": [0, 0, 0.1],
			"to": [16, 16, 0.1],
			"faces": {
				"north": {"uv": [0, 0, 16, 16], "texture": "#sculk_vein"},
				"south": {"uv": [0, 0, 16, 16], "texture": "#sculk_vein"}
			}
		},
		{
			"name": "overlay",
			"from": [0, 0, 0.1],
			"to": [16, 16, 0.2],
			"faces": {
				"north": {"uv": [0, 0, 16, 16], "texture": "#sculk_vein_overlay"},
				"south": {"uv": [0, 0, 16, 16], "texture": "#sculk_vein_overlay"}
			}
		}
	]
}