{
  "parent": "minecraft:block/cube_bottom_top",
  "render_type": "cutout_mipped",
  "textures": {
    "top": "minecraft:block/respawn_anchor_top",
    "bottom": "minecraft:block/respawn_anchor_bottom",
    "side": "minecraft:block/respawn_anchor_side4",
    "top_glow": "minecraft:block/respawn_anchor_top_glow",
    "bottom_glow": "minecraft:block/respawn_anchor_bottom_glow",
    "side_glow": "minecraft:block/respawn_anchor_side4_glow"
  },
    "elements": [
        {   "from": [ 0, 0, 0 ],
            "to": [ 16, 16, 16 ],
            "faces": {
                "down":  { "texture": "#bottom", "cullface": "down" },
                "up":    { "texture": "#top", "cullface": "up" },
                "north": { "texture": "#side", "cullface": "north" },
                "south": { "texture": "#side", "cullface": "south" },
                "west":  { "texture": "#side", "cullface": "west" },
                "east":  { "texture": "#side", "cullface": "east" }
            }
        },
        {   "from": [ 0, 0, 0 ],
            "to": [ 16, 16, 16 ],
            "faces": {
                "down":  { "texture": "#bottom_glow", "cullface": "down" },
                "up":    { "texture": "#top_glow", "cullface": "up" },
                "north": { "texture": "#side_glow", "cullface": "north" },
                "south": { "texture": "#side_glow", "cullface": "south" },
                "west":  { "texture": "#side_glow", "cullface": "west" },
                "east":  { "texture": "#side_glow", "cullface": "east" }
            }
        }
    ]
}