{
  "parent": "minecraft:block/template_sculk_shrieker_lit",
  "textures": {
    "bottom": "minecraft:block/sculk_shrieker_bottom",
    "bottom_overlay": "minecraft:block/sculk_shrieker_bottom_glow",
    "inner_top": "minecraft:block/sculk_shrieker_inner_top",
    "inner_top_overlay": "minecraft:block/sculk_shrieker_inner_top_glow",
    "particle": "minecraft:block/sculk_shrieker_bottom",
    "side": "minecraft:block/sculk_shrieker_side",
    "side_overlay": "minecraft:block/sculk_shrieker_side_glow",
    "top": "minecraft:block/sculk_shrieker_top"
  }
}