{
	"credit": "Made with Blockbench",
	"parent": "block/block",
    "render_type": "cutout_mipped",
	"textures": {
		"particle": "#lantern"
	},
	"elements": [
		{
			"from": [5, 0, 5],
			"to": [11, 7, 11],
			"faces": {
				"north": {"uv": [0, 2, 6, 9], "texture": "#lantern"},
				"east": {"uv": [0, 2, 6, 9], "texture": "#lantern"},
				"south": {"uv": [0, 2, 6, 9], "texture": "#lantern"},
				"west": {"uv": [0, 2, 6, 9], "texture": "#lantern"},
				"up": {"uv": [0, 9, 6, 15], "texture": "#lantern"},
				"down": {"uv": [0, 9, 6, 15], "texture": "#lantern", "cullface": "down"}
			}
		},
		{
			"from": [6, 7, 6],
			"to": [10, 9, 10],
			"faces": {
				"north": {"uv": [1, 0, 5, 2], "texture": "#lantern"},
				"east": {"uv": [1, 0, 5, 2], "texture": "#lantern"},
				"south": {"uv": [1, 0, 5, 2], "texture": "#lantern"},
				"west": {"uv": [1, 0, 5, 2], "texture": "#lantern"},
				"up": {"uv": [1, 10, 5, 14], "texture": "#lantern"}
			}
		},
		{
			"from": [6.5, 9, 8],
			"to": [9.5, 11, 8],
			"shade": false,
			"rotation": {"angle": 45, "axis": "y", "origin": [8, 8, 8]},
			"faces": {
				"north": {"uv": [11, 1, 14, 3], "texture": "#lantern"},
				"south": {"uv": [11, 1, 14, 3], "texture": "#lantern"}
			}
		},
		{
			"from": [8, 9, 6.5],
			"to": [8, 11, 9.5],
			"shade": false,
			"rotation": {"angle": 45, "axis": "y", "origin": [8, 8, 8]},
			"faces": {
				"east": {"uv": [11, 10, 14, 12], "texture": "#lantern"},
				"west": {"uv": [11, 10, 14, 12], "texture": "#lantern"}
			}
		},
		{
			"from": [5, 0, 5],
			"to": [11, 7, 11],
			"faces": {
				"north": {"uv": [0, 2, 6, 9], "texture": "#overlay"},
				"east": {"uv": [0, 2, 6, 9], "texture": "#overlay"},
				"south": {"uv": [0, 2, 6, 9], "texture": "#overlay"},
				"west": {"uv": [0, 2, 6, 9], "texture": "#overlay"},
				"up": {"uv": [0, 9, 6, 15], "texture": "#overlay"},
				"down": {"uv": [0, 9, 6, 15], "texture": "#overlay", "cullface": "down"}
			}
		},
		{
			"from": [6, 7, 6],
			"to": [10, 9, 10],
			"faces": {
				"north": {"uv": [1, 0, 5, 2], "texture": "#overlay"},
				"east": {"uv": [1, 0, 5, 2], "texture": "#overlay"},
				"south": {"uv": [1, 0, 5, 2], "texture": "#overlay"},
				"west": {"uv": [1, 0, 5, 2], "texture": "#overlay"},
				"up": {"uv": [1, 10, 5, 14], "texture": "#overlay"}
			}
		},
		{
			"from": [6.5, 9, 8],
			"to": [9.5, 11, 8],
			"shade": false,
			"rotation": {"angle": 45, "axis": "y", "origin": [8, 8, 8]},
			"faces": {
				"north": {"uv": [11, 1, 14, 3], "texture": "#overlay"},
				"south": {"uv": [11, 1, 14, 3], "texture": "#overlay"}
			}
		},
		{
			"from": [8, 9, 6.5],
			"to": [8, 11, 9.5],
			"shade": false,
			"rotation": {"angle": 45, "axis": "y", "origin": [8, 8, 8]},
			"faces": {
				"east": {"uv": [11, 10, 14, 12], "texture": "#overlay"},
				"west": {"uv": [11, 10, 14, 12], "texture": "#overlay"}
			}
		}
	],
	"groups": [
		{
			"name": "solid",
			"origin": [8, 8, 8],
			"color": 0,
			"children": [0, 1, 2, 3]
		},
		{
			"name": "cutout",
			"origin": [8, 8, 8],
			"color": 0,
			"children": [4, 5, 6, 7]
		}
	]
}