{
    "parent": "block/block",
    "render_type": "cutout",
    "textures": {
        "bottom": "quark:block/magnet_south_on",
        "side": "quark:block/magnet_side_on",
        "front": "quark:block/magnet_north_on",
        "bottom_overlay": "quark:block/magnet_south_on_glow",
        "side_overlay": "quark:block/magnet_side_on_glow",
        "front_overlay": "quark:block/magnet_north_on_glow",
        "particle": "quark:block/magnet_side_on"
    },
    "elements": [
        {   "from": [ 0, 0, 0 ],
            "to": [ 16, 16, 16 ],
            "faces": {
                "down":  { "uv": [ 0, 0, 16, 16 ], "texture": "#side", "cullface": "down", "rotation": 90 },
                "up":    { "uv": [ 0, 16, 16, 0 ], "texture": "#side", "cullface": "up", "rotation": 270 },
                "north": { "uv": [ 0, 0, 16, 16 ], "texture": "#front", "cullface": "north" },
                "south": { "uv": [ 0, 0, 16, 16 ], "texture": "#bottom", "cullface": "south" },
                "west":  { "uv": [ 0, 0, 16, 16 ], "texture": "#side", "cullface": "west", "rotation": 180 },
                "east":  { "uv": [ 0, 0, 16, 16 ], "texture": "#side", "cullface": "east" }
            }
        },
        {   "from": [ 0, 0, 0 ],
            "to": [ 16, 16, 16 ],
            "faces": {
                "down":  { "uv": [ 0, 0, 16, 16 ], "texture": "#side_overlay", "cullface": "down", "rotation": 90 },
                "up":    { "uv": [ 0, 16, 16, 0 ], "texture": "#side_overlay", "cullface": "up", "rotation": 270 },
                "north": { "uv": [ 0, 0, 16, 16 ], "texture": "#front_overlay", "cullface": "north" },
                "south": { "uv": [ 0, 0, 16, 16 ], "texture": "#bottom_overlay", "cullface": "south" },
                "west":  { "uv": [ 0, 0, 16, 16 ], "texture": "#side_overlay", "cullface": "west", "rotation": 180 },
                "east":  { "uv": [ 0, 0, 16, 16 ], "texture": "#side_overlay", "cullface": "east" }
            }
        }
    ]
}
