{
	"credit": "Made with Blockbench",
    "render_type": "cutout",
	"textures": {
		"top": "block/magma",
		"top_glow": "block/magma_glow",
		"side": "pokecube_legends:block/heatran_block",
		"side_glow": "pokecube_legends:block/heatran_block_glow",
		"bottom": "pokecube_legends:block/heatran_block_bottom",
		"particle": "pokecube_legends:block/heatran_block"
	},
	"elements": [
		{
			"name": "heatran",
			"from": [3, 6, 3],
			"to": [13, 10, 13],
			"faces": {
				"north": {"uv": [3, 6, 13, 10], "texture": "#side"},
				"east": {"uv": [3, 6, 13, 10], "texture": "#side"},
				"south": {"uv": [3, 6, 13, 10], "texture": "#side"},
				"west": {"uv": [3, 6, 13, 10], "texture": "#side"}
			}
		},
		{
			"name": "heatran",
			"from": [3, 6, 3],
			"to": [13, 10, 13],
			"faces": {
				"north": {"uv": [3, 6, 13, 10], "texture": "#side_glow"},
				"east": {"uv": [3, 6, 13, 10], "texture": "#side_glow"},
				"south": {"uv": [3, 6, 13, 10], "texture": "#side_glow"},
				"west": {"uv": [3, 6, 13, 10], "texture": "#side_glow"}
			}
		},
		{
			"name": "heatran",
			"from": [2, 10, 2],
			"to": [14, 12, 14],
			"faces": {
				"north": {"uv": [2, 4, 14, 6], "texture": "#top"},
				"east": {"uv": [2, 4, 14, 6], "texture": "#top"},
				"south": {"uv": [2, 4, 14, 6], "texture": "#top"},
				"west": {"uv": [2, 4, 14, 6], "texture": "#top"},
				"down": {"uv": [2, 2, 14, 14], "texture": "#top"}
			}
		},
		{
			"name": "heatran",
			"from": [2, 10, 2],
			"to": [14, 12, 14],
			"faces": {
				"north": {"uv": [2, 4, 14, 6], "texture": "#top_glow"},
				"east": {"uv": [2, 4, 14, 6], "texture": "#top_glow"},
				"south": {"uv": [2, 4, 14, 6], "texture": "#top_glow"},
				"west": {"uv": [2, 4, 14, 6], "texture": "#top_glow"},
				"down": {"uv": [2, 2, 14, 14], "texture": "#top_glow"}
			}
		},
		{
			"name": "heatran",
			"from": [2, 4, 2],
			"to": [14, 6, 14],
			"faces": {
				"north": {"uv": [2, 10, 14, 12], "texture": "#side"},
				"east": {"uv": [2, 10, 14, 12], "texture": "#side"},
				"south": {"uv": [2, 10, 14, 12], "texture": "#side"},
				"west": {"uv": [2, 10, 14, 12], "texture": "#side"},
				"up": {"uv": [2, 2, 14, 14], "texture": "#bottom"}
			}
		},
		{
			"name": "heatran",
			"from": [2, 4, 2],
			"to": [14, 6, 14],
			"faces": {
				"north": {"uv": [2, 10, 14, 12], "texture": "#side_glow"},
				"east": {"uv": [2, 10, 14, 12], "texture": "#side_glow"},
				"south": {"uv": [2, 10, 14, 12], "texture": "#side_glow"},
				"west": {"uv": [2, 10, 14, 12], "texture": "#side_glow"}
			}
		},
		{
			"name": "heatran",
			"from": [1, 12, 1],
			"to": [15, 14, 15],
			"faces": {
				"north": {"uv": [1, 2, 15, 4], "texture": "#top"},
				"east": {"uv": [0, 2, 16, 4], "texture": "#top"},
				"south": {"uv": [1, 2, 15, 4], "texture": "#top"},
				"west": {"uv": [0, 2, 16, 4], "texture": "#top"},
				"down": {"uv": [1, 1, 15, 15], "texture": "#top"}
			}
		},
		{
			"name": "heatran",
			"from": [1, 12, 1],
			"to": [15, 14, 15],
			"faces": {
				"north": {"uv": [1, 2, 15, 4], "texture": "#top_glow"},
				"east": {"uv": [0, 2, 16, 4], "texture": "#top_glow"},
				"south": {"uv": [1, 2, 15, 4], "texture": "#top_glow"},
				"west": {"uv": [0, 2, 16, 4], "texture": "#top_glow"},
				"down": {"uv": [1, 1, 15, 15], "texture": "#top_glow"}
			}
		},
		{
			"name": "heatran",
			"from": [1, 2, 1],
			"to": [15, 4, 15],
			"faces": {
				"north": {"uv": [1, 12, 15, 14], "texture": "#side"},
				"east": {"uv": [1, 12, 15, 14], "texture": "#side"},
				"south": {"uv": [1, 12, 15, 14], "texture": "#side"},
				"west": {"uv": [1, 12, 15, 14], "texture": "#side"},
				"up": {"uv": [1, 1, 15, 15], "texture": "#bottom"}
			}
		},
		{
			"name": "heatran",
			"from": [1, 2, 1],
			"to": [15, 4, 15],
			"faces": {
				"north": {"uv": [1, 12, 15, 14], "texture": "#side_glow"},
				"east": {"uv": [1, 12, 15, 14], "texture": "#side_glow"},
				"south": {"uv": [1, 12, 15, 14], "texture": "#side_glow"},
				"west": {"uv": [1, 12, 15, 14], "texture": "#side_glow"}
			}
		},
		{
			"name": "heatran",
			"from": [0, 14, 0],
			"to": [16, 16, 16],
			"faces": {
				"north": {"uv": [0, 0, 16, 2], "texture": "#top", "cullface": "north"},
				"east": {"uv": [0, 0, 16, 2], "texture": "#top", "cullface": "east"},
				"south": {"uv": [0, 0, 16, 2], "texture": "#top", "cullface": "south"},
				"west": {"uv": [0, 0, 16, 2], "texture": "#top", "cullface": "west"},
				"up": {"uv": [0, 0, 16, 16], "texture": "#top", "cullface": "up"},
				"down": {"uv": [0, 0, 16, 16], "texture": "#top"}
			}
		},
		{
			"name": "heatran",
			"from": [0, 14, 0],
			"to": [16, 16, 16],
			"faces": {
				"north": {"uv": [0, 0, 16, 2], "texture": "#top_glow", "cullface": "north"},
				"east": {"uv": [0, 0, 16, 2], "texture": "#top_glow", "cullface": "east"},
				"south": {"uv": [0, 0, 16, 2], "texture": "#top_glow", "cullface": "south"},
				"west": {"uv": [0, 0, 16, 2], "texture": "#top_glow", "cullface": "west"},
				"up": {"uv": [0, 0, 16, 16], "texture": "#top_glow", "cullface": "up"},
				"down": {"uv": [0, 0, 16, 16], "texture": "#top_glow"}
			}
		},
		{
			"name": "heatran",
			"from": [0, 0, 0],
			"to": [16, 2, 16],
			"faces": {
				"north": {"uv": [0, 14, 16, 16], "texture": "#side", "cullface": "north"},
				"east": {"uv": [0, 14, 16, 16], "texture": "#side", "cullface": "east"},
				"south": {"uv": [0, 14, 16, 16], "texture": "#side", "cullface": "south"},
				"west": {"uv": [0, 14, 16, 16], "texture": "#side", "cullface": "west"},
				"up": {"uv": [0, 0, 16, 16], "texture": "#bottom"},
				"down": {"uv": [0, 0, 16, 16], "texture": "#bottom", "cullface": "down"}
			}
		},
		{
			"name": "heatran",
			"from": [0, 0, 0],
			"to": [16, 2, 16],
			"faces": {
				"north": {"uv": [0, 14, 16, 16], "texture": "#side_glow", "cullface": "north"},
				"east": {"uv": [0, 14, 16, 16], "texture": "#side_glow", "cullface": "east"},
				"south": {"uv": [0, 14, 16, 16], "texture": "#side_glow", "cullface": "south"},
				"west": {"uv": [0, 14, 16, 16], "texture": "#side_glow", "cullface": "west"}
			}
		}
	],
	"display": {
		"thirdperson_righthand": {
			"rotation": [75, 45, 0],
			"translation": [0, 2.5, 0],
			"scale": [0.375, 0.375, 0.375]
		},
		"thirdperson_lefthand": {
			"rotation": [75, 45, 0],
			"translation": [0, 2.5, 0],
			"scale": [0.375, 0.375, 0.375]
		},
		"firstperson_righthand": {
			"rotation": [0, 45, 0],
			"scale": [0.4, 0.4, 0.4]
		},
		"firstperson_lefthand": {
			"rotation": [0, 225, 0],
			"scale": [0.4, 0.4, 0.4]
		},
		"ground": {
			"translation": [0, 3, 0],
			"scale": [0.25, 0.25, 0.25]
		},
		"gui": {
			"rotation": [30, 225, 0],
			"scale": [0.625, 0.625, 0.625]
		},
		"fixed": {
			"scale": [0.5, 0.5, 0.5]
		}
	},
	"groups": [
		{
			"name": "heatran",
			"origin": [11, 14, 11],
			"color": 0,
			"children": [0, 1, 2, 3, 4, 5, 6]
		}
	]
}