{
	"credit": "Made with Blockbench",
	"render_type": "translucent",
	"textures": {
		"bottom": "pokecube_adventures:block/cloner_bottom",
		"particle": "pokecube_adventures:block/cloner_lower",
		"lower": "pokecube_adventures:block/cloner_lower",
		"metal": "pokecube_adventures:block/cloner_metal",
		"details": "pokecube_adventures:block/cloner_details",
		"details_overlay": "pokecube_adventures:block/cloner_details_glow"
	},
	"elements": [
		{
			"name": "center",
			"from": [0, 0, 0],
			"to": [16, 12, 16],
			"faces": {
				"north": {"uv": [0, 4, 16, 16], "texture": "#lower", "cullface": "north"},
				"east": {"uv": [0, 4, 16, 16], "texture": "#lower", "cullface": "east"},
				"south": {"uv": [0, 4, 16, 16], "texture": "#lower", "cullface": "south"},
				"west": {"uv": [0, 4, 16, 16], "texture": "#lower", "cullface": "west"},
				"up": {"uv": [0, 0, 16, 16], "texture": "#bottom"},
				"down": {"uv": [0, 0, 16, 16], "texture": "#bottom", "cullface": "down"}
			}
		},
		{
			"name": "metal",
			"from": [1, 12, 1],
			"to": [15, 13, 15],
			"faces": {
				"north": {"uv": [1, 3, 15, 4], "texture": "#lower"},
				"east": {"uv": [1, 3, 15, 4], "texture": "#lower"},
				"south": {"uv": [1, 3, 15, 4], "texture": "#lower"},
				"west": {"uv": [1, 3, 15, 4], "texture": "#lower"},
				"up": {"uv": [1, 1, 15, 15], "texture": "#metal"}
			}
		},
		{
			"name": "glass",
			"from": [1, 13, 1],
			"to": [15, 16, 15],
			"faces": {
				"north": {"uv": [1, 0, 15, 3], "texture": "#lower"},
				"east": {"uv": [1, 0, 15, 3], "texture": "#lower"},
				"south": {"uv": [1, 0, 15, 3], "texture": "#lower"},
				"west": {"uv": [1, 0, 15, 3], "texture": "#lower"}
			}
		},
		{
			"name": "keyboard",
			"from": [2, 12.85, 1.75],
			"to": [14, 16.85, 6.75],
			"rotation": {"angle": 45, "axis": "x", "origin": [7, -0.15, 6.5]},
			"faces": {
				"north": {"uv": [0, 5, 12, 9], "rotation": 180, "texture": "#details"},
				"east": {"uv": [0, 9, 5, 13], "rotation": 180, "texture": "#details"},
				"south": {"uv": [0, 5, 12, 9], "rotation": 180, "texture": "#details", "cullface": "south"},
				"west": {"uv": [0, 9, 5, 13], "rotation": 180, "texture": "#details"},
				"up": {"uv": [0, 0, 12, 5], "texture": "#details"}
			}
		},
		{
			"name": "keyboard",
			"from": [2, 12.85, 1.75],
			"to": [14, 16.85, 6.75],
			"rotation": {"angle": 45, "axis": "x", "origin": [7, -0.15, 6.5]},
			"faces": {
				"up": {"uv": [0, 0, 12, 5], "texture": "#details_overlay"}
			}
		}
	],
	"display": {
		"thirdperson_righthand": {
			"scale": [0.4, 0.4, 0.4]
		},
		"thirdperson_lefthand": {
			"scale": [0.4, 0.4, 0.4]
		},
		"firstperson_righthand": {
			"translation": [-1, 1, 0],
			"scale": [0.4, 0.4, 0.4]
		},
		"firstperson_lefthand": {
			"translation": [-1, 1, 0],
			"scale": [0.4, 0.4, 0.4]
		},
		"ground": {
			"scale": [0.25, 0.25, 0.25]
		},
		"gui": {
			"rotation": [20, -45, 0],
			"translation": [0, -2.75, 0],
			"scale": [0.4, 0.4, 0.4]
		},
		"head": {
			"rotation": [0, 180, 0],
			"translation": [0, 0, -0.5],
			"scale": [1.05, 1, 1]
		},
		"fixed": {
			"rotation": [0, 180, 0],
			"translation": [0, -4, 0],
			"scale": [0.5, 0.5, 0.5]
		}
	}
}