{
	"credit": "Made with Blockbench",
	"textures": {
		"1": "supplementaries:blocks/lead_lantern",
		"particle": "supplementaries:blocks/lead_lantern"
	},
	"elements": [
		{
			"from": [4, 4, 4],
			"to": [12, 7, 12],
			"rotation": {"angle": 0, "axis": "y", "origin": [13, 13, 13]},
			"faces": {
				"north": {"uv": [0, 3, 8, 6], "texture": "#1"},
				"east": {"uv": [0, 3, 8, 6], "texture": "#1"},
				"south": {"uv": [0, 3, 8, 6], "texture": "#1"},
				"west": {"uv": [0, 3, 8, 6], "texture": "#1"},
				"up": {"uv": [8, 8, 16, 16], "texture": "#1"},
				"down": {"uv": [8, 8, 16, 16], "texture": "#1"}
			}
		},
		{
			"name": "light",
			"from": [6, 1, 6],
			"to": [10, 4, 10],
			"rotation": {"angle": 0, "axis": "y", "origin": [14, 7, 14]},
			"faces": {
				"north": {"uv": [2, 6, 6, 9], "texture": "#1", "tintindex": -101},
				"east": {"uv": [2, 6, 6, 9], "texture": "#1", "tintindex": -101},
				"south": {"uv": [2, 6, 6, 9], "texture": "#1", "tintindex": -101},
				"west": {"uv": [2, 6, 6, 9], "texture": "#1", "tintindex": -101}
			}
		},
		{
			"from": [6, 0, 6],
			"to": [10, 1, 10],
			"rotation": {"angle": 0, "axis": "y", "origin": [14, 7, 14]},
			"faces": {
				"north": {"uv": [2, 9, 6, 10], "texture": "#1"},
				"east": {"uv": [2, 9, 6, 10], "texture": "#1"},
				"south": {"uv": [2, 9, 6, 10], "texture": "#1"},
				"west": {"uv": [2, 9, 6, 10], "texture": "#1"},
				"down": {"uv": [0, 12, 4, 16], "texture": "#1"}
			}
		},
		{
			"from": [6.5, 7, 8],
			"to": [9.5, 9, 8],
			"shade": false,
			"rotation": {"angle": 45, "axis": "y", "origin": [8, 6, 8]},
			"faces": {
				"north": {"uv": [13, 0, 16, 2], "texture": "#1"},
				"south": {"uv": [13, 0, 16, 2], "texture": "#1"}
			}
		},
		{
			"from": [8, 7, 6.5],
			"to": [8, 9, 9.5],
			"shade": false,
			"rotation": {"angle": 45, "axis": "y", "origin": [8, 6, 8]},
			"faces": {
				"east": {"uv": [13, 0, 16, 2], "texture": "#1"},
				"south": {"uv": [0, 0, 0, 0], "texture": "#1"},
				"west": {"uv": [13, 0, 16, 2], "texture": "#1"}
			}
		}
	],
	"groups": [
		0,
		1,
		2,
		{
			"name": "group",
			"origin": [8, 8, 8],
			"color": 0,
			"children": [3, 4]
		}
	]
}