{
	"credit": "Made with Blockbench",
	"ambientocclusion": false,
	"textures": {
		"particle": "framedblocks:block/framed_redstone_torch",
		"torch": "forge:white",
		"top": "framedblocks:block/framed_redstone_torch"
	},
	"elements": [
		{
			"from": [-1, 11.5, 7],
			"to": [1, 13.5, 9],
			"shade": false,
			"rotation": {"angle": -22.5, "axis": "z", "origin": [0, 3.5, 8]},
			"faces": {
				"up": {"uv": [7, 6, 9, 8], "texture": "#top", "tintindex": -101},
				"down": {"uv": [7, 6, 9, 8], "texture": "#top", "tintindex": -101}
			}
		},
		{
			"from": [-1, 10.5, 6],
			"to": [1, 14.5, 10],
			"shade": false,
			"rotation": {"angle": -22.5, "axis": "z", "origin": [0, 3.5, 8]},
			"faces": {
				"east": {"uv": [6, 5, 10, 9], "texture": "#top", "tintindex": -101},
				"west": {"uv": [6, 5, 10, 9], "texture": "#top", "tintindex": -101}
			}
		},
		{
			"from": [-2, 10.5, 7],
			"to": [2, 14.5, 9],
			"shade": false,
			"rotation": {"angle": -22.5, "axis": "z", "origin": [0, 3.5, 8]},
			"faces": {
				"north": {"uv": [6, 5, 10, 9], "texture": "#top", "tintindex": -101},
				"south": {"uv": [6, 5, 10, 9], "texture": "#top", "tintindex": -101}
			}
		},
		{
			"from": [-1, 3.5, 7],
			"to": [1, 10.5, 9],
			"shade": false,
			"rotation": {"angle": -22.5, "axis": "z", "origin": [0, 3.5, 8]},
			"faces": {
				"north": {"uv": [7, 9, 9, 16], "texture": "#torch"},
				"east": {"uv": [7, 9, 9, 16], "texture": "#torch"},
				"south": {"uv": [7, 9, 9, 16], "texture": "#torch"},
				"west": {"uv": [7, 9, 9, 16], "texture": "#torch"},
				"down": {"uv": [7, 7, 9, 9], "texture": "#torch"}
			}
		}
	]
}