{
	"credit": "Made with Blockbench",
	"parent": "cube_all",
	"ambientocclusion": false,
	"textures": {
		"particle": ""
	},
	"elements": [
		{
			"from": [0, 0, 0],
			"to": [16, 16, 16],
			"faces": {
				"north": {"uv": [0, 0, 16, 16], "texture": "#north", "cullface": "north"},
				"east": {"uv": [0, 0, 16, 16], "texture": "#east", "cullface": "east"},
				"south": {"uv": [0, 0, 16, 16], "texture": "#south", "cullface": "south"},
				"west": {"uv": [0, 0, 16, 16], "texture": "#west", "cullface": "west"},
				"up": {"uv": [0, 0, 16, 16], "texture": "#up", "cullface": "up"},
				"down": {"uv": [0, 0, 16, 16], "texture": "#down", "cullface": "down"}
			}
		},
		{
			"from": [-0.05, -0.05, -0.05],
			"to": [16.05, 16.05, 16.05],
			"faces": {
				"north": {"uv": [0, 0, 16, 16], "texture": "#overlay"},
				"east": {"uv": [0, 0, 16, 16], "texture": "#overlay"},
				"south": {"uv": [0, 0, 16, 16], "texture": "#overlay"},
				"west": {"uv": [0, 0, 16, 16], "texture": "#overlay"},
				"up": {"uv": [0, 0, 16, 16], "texture": "#overlay"},
				"down": {"uv": [0, 0, 16, 16], "texture": "#overlay"}
			}
		}
	],
	"groups": [
		{
			"name": "solid",
			"origin": [0, 0, 0],
			"color": 0,
			"children": [0]
		},
		{
			"name": "cutout",
			"origin": [0, 0, 0],
			"color": 0,
			"children": [1]
		}
	]
}