{
  "loader": "forge:multi-layer",
  "parent": "minecraft:block/cube",
  "textures": {
    "all": "minecraft:block/redstone_ore",
    "particle": "minecraft:block/redstone_ore",
	"overlay": "block/redstone_ore_overlay"
  },
	"groups": [
		{
			"name": "solid",
			"origin": [0, 0, 0],
			"color": 0,
			"children": [0]
		},
		{
			"name": "cutout",
			"origin": [0, 0, 0],
			"color": 0,
			"children": [1]
		}
	],
	"loader": "forge:multi-layer",
	"layers": {
		"solid": {
			"parent": "cube",
			"textures": {
				"all": "minecraft:block/redstone_ore",
				"overlay": "block/redstone_ore_overlay"
			},
			"elements": [
				{
					"name": "solid",
					"from": [0, 0, 0],
					"to": [16, 16, 16],
					"rotation": {"angle": 0, "axis": "y", "origin": [0, 0, 0]},
					"faces": {
						"north": {"uv": [0, 0, 16, 16], "texture": "#all", "cullface": "north"},
						"east": {"uv": [0, 0, 16, 16], "texture": "#all", "cullface": "east"},
						"south": {"uv": [0, 0, 16, 16], "texture": "#all", "cullface": "south"},
						"west": {"uv": [0, 0, 16, 16], "texture": "#all", "cullface": "west"},
						"up": {"uv": [0, 0, 16, 16], "texture": "#all", "cullface": "up"},
						"down": {"uv": [0, 0, 16, 16], "texture": "#all", "cullface": "down"}
					}
				}
			]
		},
		"cutout": {
			"parent": "cube",
			"textures": {
				"all": "minecraft:block/redstone_ore",
				"overlay": "block/redstone_ore_overlay"
			},
			"elements": [
				{
					"from": [-0.1, -0.1, -0.1],
					"to": [16.1, 16.1, 16.1],
					"rotation": {"angle": 0, "axis": "y", "origin": [0, 0, 0]},
					"faces": {
						"north": {"uv": [0, 0, 16, 16], "texture": "#overlay", "tintindex": -101},
						"east": {"uv": [0, 0, 16, 16], "texture": "#overlay", "tintindex": -101},
						"south": {"uv": [0, 0, 16, 16], "texture": "#overlay", "tintindex": -101},
						"west": {"uv": [0, 0, 16, 16], "texture": "#overlay", "tintindex": -101},
						"up": {"uv": [0, 0, 16, 16], "texture": "#overlay", "tintindex": -101},
						"down": {"uv": [0, 0, 16, 16], "texture": "#overlay", "tintindex": -101}
					}
				}
			]
		}
	}
}