{
	"credit": "Made with Blockbench",
	"textures": {
		"0": "supplementaries:blocks/copper_lantern",
		"particle": "supplementaries:blocks/copper_lantern"
	},
	"elements": [
		{
			"from": [5, 5, 5],
			"to": [11, 7, 11],
			"rotation": {"angle": 0, "axis": "y", "origin": [13, 13, 13]},
			"faces": {
				"north": {"uv": [0, 8, 6, 10], "texture": "#0"},
				"east": {"uv": [0, 8, 6, 10], "texture": "#0"},
				"south": {"uv": [0, 8, 6, 10], "texture": "#0"},
				"west": {"uv": [0, 8, 6, 10], "texture": "#0"},
				"up": {"uv": [0, 10, 6, 16], "texture": "#0"},
				"down": {"uv": [0, 10, 6, 16], "texture": "#0"}
			}
		},
		{
			"from": [5, 11, 5],
			"to": [11, 13, 11],
			"rotation": {"angle": 0, "axis": "y", "origin": [13, 20, 13]},
			"faces": {
				"north": {"uv": [0, 2, 6, 4], "texture": "#0"},
				"east": {"uv": [0, 2, 6, 4], "texture": "#0"},
				"south": {"uv": [0, 2, 6, 4], "texture": "#0"},
				"west": {"uv": [0, 2, 6, 4], "texture": "#0"},
				"up": {"uv": [0, 10, 6, 16], "texture": "#0"},
				"down": {"uv": [0, 10, 6, 16], "texture": "#0"}
			}
		},
		{
			"from": [6, 13, 6],
			"to": [10, 14, 10],
			"rotation": {"angle": 0, "axis": "y", "origin": [14, 21, 13]},
			"faces": {
				"north": {"uv": [1, 1, 5, 2], "texture": "#0"},
				"east": {"uv": [1, 1, 5, 2], "texture": "#0"},
				"south": {"uv": [1, 1, 5, 2], "texture": "#0"},
				"west": {"uv": [1, 1, 5, 2], "texture": "#0"},
				"up": {"uv": [1, 11, 5, 15], "texture": "#0"}
			}
		},
		{
			"from": [6, 7, 6],
			"to": [10, 11, 10],
			"rotation": {"angle": 0, "axis": "y", "origin": [14, 14, 14]},
			"faces": {
				"north": {"uv": [1, 4, 5, 8], "texture": "#0", "tintindex": -101},
				"east": {"uv": [1, 4, 5, 8], "texture": "#0", "tintindex": -101},
				"south": {"uv": [1, 4, 5, 8], "texture": "#0", "tintindex": -101},
				"west": {"uv": [1, 4, 5, 8], "texture": "#0", "tintindex": -101}
			}
		},
		{
			"from": [11, 6, 8],
			"to": [12, 12, 8],
			"rotation": {"angle": 0, "axis": "y", "origin": [8, 9, 8]},
			"faces": {
				"north": {"uv": [6, 3, 7, 9], "texture": "#0"},
				"east": {"uv": [0, 0, 0, 6], "texture": "#0"},
				"south": {"uv": [6, 3, 7, 9], "texture": "#0"},
				"west": {"uv": [0, 0, 0, 6], "texture": "#0"},
				"up": {"uv": [0, 0, 0, 1], "rotation": 90, "texture": "#0"},
				"down": {"uv": [0, 0, 0, 1], "rotation": 270, "texture": "#0"}
			}
		},
		{
			"from": [4, 6, 8],
			"to": [5, 12, 8],
			"rotation": {"angle": 0, "axis": "y", "origin": [8, 9, 8]},
			"faces": {
				"north": {"uv": [6, 3, 7, 9], "texture": "#0"},
				"east": {"uv": [0, 0, 0, 6], "texture": "#0"},
				"south": {"uv": [6, 3, 7, 9], "texture": "#0"},
				"west": {"uv": [0, 0, 0, 6], "texture": "#0"},
				"up": {"uv": [0, 0, 0, 1], "rotation": 90, "texture": "#0"},
				"down": {"uv": [0, 0, 0, 1], "rotation": 270, "texture": "#0"}
			}
		},
		{
			"from": [6.5, 14, 8],
			"to": [9.5, 16, 8],
			"shade": false,
			"rotation": {"angle": 45, "axis": "y", "origin": [8, 13, 8]},
			"faces": {
				"north": {"uv": [11, 1, 14, 3], "texture": "#0"},
				"east": {"uv": [0, 0, 0, 0], "texture": "#0"},
				"south": {"uv": [11, 1, 14, 3], "texture": "#0"},
				"west": {"uv": [0, 0, 0, 0], "texture": "#0"},
				"up": {"uv": [0, 0, 0, 0], "texture": "#0"},
				"down": {"uv": [0, 0, 0, 0], "texture": "#0"}
			}
		},
		{
			"from": [8, 14, 6.5],
			"to": [8, 16, 9.5],
			"shade": false,
			"rotation": {"angle": 45, "axis": "y", "origin": [8, 13, 8]},
			"faces": {
				"north": {"uv": [0, 0, 0, 0], "texture": "#0"},
				"east": {"uv": [11, 10, 14, 12], "texture": "#0"},
				"south": {"uv": [0, 0, 0, 0], "texture": "#0"},
				"west": {"uv": [11, 10, 14, 12], "texture": "#0"},
				"up": {"uv": [0, 0, 0, 0], "texture": "#0"},
				"down": {"uv": [0, 0, 0, 0], "texture": "#0"}
			}
		}
	],
	"groups": [0, 1, 2, 3,
		{
			"name": "group",
			"origin": [16, 8, 20],
			"children": []
		},
		{
			"name": "group",
			"origin": [16, 8, 20],
			"children": [4, 5]
		},
		{
			"name": "group",
			"origin": [8, 8, 8],
			"children": [6, 7]
		}
	]
}