{
	"credit": "Made with Blockbench",
	"textures": {
		"1": "supplementaries:blocks/lead_lantern_off",
		"particle": "supplementaries:blocks/lead_lantern_off"
	},
	"elements": [
		{
			"from": [4, 11, 4],
			"to": [12, 14, 12],
			"rotation": {"angle": 0, "axis": "y", "origin": [13, 20, 13]},
			"faces": {
				"north": {"uv": [0, 3, 8, 6], "texture": "#1"},
				"east": {"uv": [0, 3, 8, 6], "texture": "#1"},
				"south": {"uv": [0, 3, 8, 6], "texture": "#1"},
				"west": {"uv": [0, 3, 8, 6], "texture": "#1"},
				"up": {"uv": [8, 8, 16, 16], "texture": "#1"},
				"down": {"uv": [8, 8, 16, 16], "texture": "#1"}
			}
		},
		{
			"from": [6, 7, 6],
			"to": [10, 11, 10],
			"rotation": {"angle": 0, "axis": "y", "origin": [14, 14, 14]},
			"faces": {
				"north": {"uv": [2, 6, 6, 10], "texture": "#1"},
				"east": {"uv": [2, 6, 6, 10], "texture": "#1"},
				"south": {"uv": [2, 6, 6, 10], "texture": "#1"},
				"west": {"uv": [2, 6, 6, 10], "texture": "#1"},
				"down": {"uv": [0, 12, 4, 16], "texture": "#1"}
			}
		},
		{
			"from": [6.5, 14, 8],
			"to": [9.5, 16, 8],
			"shade": false,
			"rotation": {"angle": 45, "axis": "y", "origin": [8, 13, 8]},
			"faces": {
				"north": {"uv": [13, 0, 16, 2], "texture": "#1"},
				"south": {"uv": [13, 0, 16, 2], "texture": "#1"}
			}
		},
		{
			"from": [8, 14, 6.5],
			"to": [8, 16, 9.5],
			"shade": false,
			"rotation": {"angle": 45, "axis": "y", "origin": [8, 13, 8]},
			"faces": {
				"south": {"uv": [0, 0, 0, 0], "texture": "#1"},
				"west": {"uv": [13, 0, 16, 2], "texture": "#1"}
			}
		}
	],
	"groups": [
		0,
		1,
		{
			"name": "group",
			"origin": [8, 8, 8],
			"color": 0,
			"children": [2, 3]
		}
	]
}