{
    "parent": "block/cube_all",
    "render_type": "cutout",
    "textures": {
        "all": "block/spawner",
        "all_glow": "block/spawner_glow"
    },
    "elements": [
        {   "from": [ 0, 0, 0 ],
            "to": [ 16, 16, 16 ],
            "faces": {
                "down":  { "texture": "#all", "cullface": "down" },
                "up":    { "texture": "#all", "cullface": "up" },
                "north": { "texture": "#all", "cullface": "north" },
                "south": { "texture": "#all", "cullface": "south" },
                "west":  { "texture": "#all", "cullface": "west" },
                "east":  { "texture": "#all", "cullface": "east" }
            }
        },
        {   "from": [ 0, 0, 0 ],
            "to": [ 16, 16, 16 ],
            "faces": {
                "down":  { "texture": "#all_glow", "cullface": "down" },
                "up":    { "texture": "#all_glow", "cullface": "up" },
                "north": { "texture": "#all_glow", "cullface": "north" },
                "south": { "texture": "#all_glow", "cullface": "south" },
                "west":  { "texture": "#all_glow", "cullface": "west" },
                "east":  { "texture": "#all_glow", "cullface": "east" }
            }
        }
    ]
}
