{
	"credit": "Made with Blockbench",
	"parent": "block/cube",
	"ambientocclusion": false,
	"textures": {
		"particle": "block/detector_rail",
		"texture": "block/detector_rail"
	},
	"render_type": "cutout",
	"elements": [
		{
			"name": "rail_left",
			"from": [12, 0.5, 0],
			"to": [14, 1.5, 16],
			"faces": {
				"north": {"uv": [2, 15, 4, 16], "texture": "#texture"},
				"east": {"uv": [13, 0, 14, 16], "rotation": 90, "texture": "#texture"},
				"south": {"uv": [12, 0, 14, 1], "texture": "#texture"},
				"west": {"uv": [12, 0, 13, 16], "rotation": 270, "texture": "#texture"},
				"up": {"uv": [12, 0, 14, 16], "texture": "#texture"},
				"down": {"uv": [12, 16, 14, 0], "texture": "#texture"}
			}
		},
		{
			"name": "rail_right",
			"from": [2, 0.5, 0],
			"to": [4, 1.5, 16],
			"faces": {
				"north": {"uv": [12, 15, 14, 16], "texture": "#texture"},
				"east": {"uv": [3, 0, 4, 16], "rotation": 90, "texture": "#texture"},
				"south": {"uv": [2, 0, 4, 1], "texture": "#texture"},
				"west": {"uv": [2, 0, 3, 16], "rotation": 270, "texture": "#texture"},
				"up": {"uv": [2, 0, 4, 16], "texture": "#texture"},
				"down": {"uv": [2, 16, 4, 0], "texture": "#texture"}
			}
		},
		{
			"name": "button",
			"from": [5, 1, 5],
			"to": [11, 1.25, 11],
			"faces": {
				"north": {"uv": [5, 5, 11, 5.25], "rotation": 180, "texture": "#texture", "tintindex": -101},
				"east": {"uv": [10.75, 5, 11, 11], "rotation": 90, "texture": "#texture", "tintindex": -101},
				"south": {"uv": [5, 10.75, 11, 11], "texture": "#texture", "tintindex": -101},
				"west": {"uv": [5, 5, 5.25, 11], "rotation": 270, "texture": "#texture", "tintindex": -101},
				"up": {"uv": [5, 5, 11, 11], "texture": "#texture", "tintindex": -101},
				"down": {"uv": [5, 11, 11, 5], "texture": "#texture", "tintindex": -101}
			}
		}
	]
}