{
	"credit": "Made with Blockbench",
    "render_type": "cutout",
	"textures": {
		"particle": "pokecube_legends:block/portal_off",
		"spot": "pokecube_legends:block/portal_off",
		"spot_glow": "pokecube_legends:block/portal_off_glow"
	},
	"elements": [
		{
			"from": [0, 1.5, 6.5],
			"to": [2.75, 3, 9.5],
			"faces": {
				"north": {"uv": [10.5, 15, 11.5, 15.5], "rotation": 180, "texture": "#spot"},
				"east": {"uv": [5, 0, 10.5, 0.25], "texture": "#spot"},
				"south": {"uv": [10.5, 15, 11.5, 15.5], "texture": "#spot"},
				"west": {"uv": [10.5, 15, 11, 15.5], "texture": "#spot", "cullface": "west"},
				"down": {"uv": [5, 0, 10.5, 0.25], "texture": "#spot"}
			}
		},
		{
			"from": [0, 3, 6.5],
			"to": [5.5, 4.5, 9.5],
			"faces": {
				"north": {"uv": [10.5, 14.5, 12.5, 15], "rotation": 180, "texture": "#spot"},
				"east": {"uv": [5, 0, 10.5, 0.25], "texture": "#spot"},
				"south": {"uv": [10.5, 14.5, 12.5, 15], "texture": "#spot"},
				"west": {"uv": [10.5, 14, 11, 14.5], "texture": "#spot", "cullface": "west"},
				"down": {"uv": [5, 0, 10.5, 0.25], "texture": "#spot"}
			}
		},
		{
			"from": [0, 4.5, 6.5],
			"to": [7, 6, 9.5],
			"faces": {
				"north": {"uv": [10.5, 14, 13, 14.5], "rotation": 180, "texture": "#spot"},
				"east": {"uv": [5, 0, 10.5, 0.25], "texture": "#spot"},
				"south": {"uv": [10.5, 14, 13, 14.5], "texture": "#spot"},
				"west": {"uv": [10.5, 13.5, 11, 14], "texture": "#spot", "cullface": "west"},
				"down": {"uv": [5, 0, 10.5, 0.25], "texture": "#spot"}
			}
		},
		{
			"from": [0, 6, 6.5],
			"to": [8.5, 7.5, 9.5],
			"faces": {
				"north": {"uv": [10.5, 13.5, 13.5, 14], "rotation": 180, "texture": "#spot"},
				"east": {"uv": [5, 0, 10.5, 0.25], "texture": "#spot"},
				"south": {"uv": [10.5, 13.5, 13.5, 14], "texture": "#spot"},
				"west": {"uv": [10.5, 13.5, 11, 14], "texture": "#spot", "cullface": "west"},
				"down": {"uv": [5, 0, 10.5, 0.25], "texture": "#spot"}
			}
		},
		{
			"from": [0, 7.5, 6.5],
			"to": [10, 9, 9.5],
			"faces": {
				"north": {"uv": [10.5, 13, 14, 13.5], "rotation": 180, "texture": "#spot"},
				"east": {"uv": [5, 0, 10.5, 0.25], "texture": "#spot"},
				"south": {"uv": [10.5, 13, 14, 13.5], "texture": "#spot"},
				"west": {"uv": [10.5, 13, 11, 13.5], "texture": "#spot", "cullface": "west"},
				"down": {"uv": [5, 0, 10.5, 0.25], "texture": "#spot"}
			}
		},
		{
			"from": [0, 9, 6.5],
			"to": [11.5, 10.5, 9.5],
			"faces": {
				"north": {"uv": [10.5, 12.5, 14.5, 13], "rotation": 180, "texture": "#spot"},
				"east": {"uv": [5, 0, 10.5, 0.25], "texture": "#spot"},
				"south": {"uv": [10.5, 12.5, 14.5, 13], "texture": "#spot"},
				"west": {"uv": [10.5, 12.5, 11, 13], "texture": "#spot", "cullface": "west"},
				"down": {"uv": [5, 0, 10.5, 0.25], "texture": "#spot"}
			}
		},
		{
			"from": [0, 10.5, 6.5],
			"to": [13, 12, 9.5],
			"faces": {
				"north": {"uv": [10.5, 12, 15, 12.5], "rotation": 180, "texture": "#spot"},
				"east": {"uv": [5, 0, 10.5, 0.25], "texture": "#spot"},
				"south": {"uv": [10.5, 12, 15, 12.5], "texture": "#spot"},
				"west": {"uv": [10.5, 12, 11, 12.5], "texture": "#spot", "cullface": "west"},
				"up": {"uv": [10.5, 12, 15, 12.5], "texture": "#spot"},
				"down": {"uv": [5, 0, 10.5, 0.25], "texture": "#spot"}
			}
		},
		{
			"from": [3, 12, 6.5],
			"to": [13, 13.5, 9.5],
			"faces": {
				"north": {"uv": [11.5, 11.5, 15, 12], "rotation": 180, "texture": "#spot"},
				"east": {"uv": [5, 0, 10.5, 0.25], "texture": "#spot"},
				"south": {"uv": [11.5, 11.5, 15, 12], "texture": "#spot"},
				"west": {"uv": [11.5, 11.5, 12, 12], "texture": "#spot"},
				"up": {"uv": [11.5, 11.5, 15, 12], "texture": "#spot"}
			}
		},
		{
			"from": [4.5, 13.5, 6.5],
			"to": [14.5, 16, 9.5],
			"faces": {
				"north": {"uv": [15.5, 10.5, 12, 11.5], "texture": "#spot"},
				"east": {"uv": [5, 0, 10.5, 0.25], "texture": "#spot"},
				"south": {"uv": [12, 10.5, 15.5, 11.5], "texture": "#spot"},
				"west": {"uv": [12, 10.5, 12.5, 11.5], "texture": "#spot"},
				"up": {"uv": [12, 10.5, 15.5, 11], "texture": "#spot", "cullface": "up"},
				"down": {"uv": [5, 0, 10.5, 0.25], "texture": "#spot"}
			}
		},
		{
			"from": [0, 1.5, 6.5],
			"to": [2.75, 3, 9.5],
			"faces": {
				"north": {"uv": [10.5, 15, 11.5, 15.5], "rotation": 180, "texture": "#spot_glow"},
				"east": {"uv": [5, 0, 10.5, 0.25], "texture": "#spot_glow"},
				"south": {"uv": [10.5, 15, 11.5, 15.5], "texture": "#spot_glow"},
				"west": {"uv": [10.5, 15, 11, 15.5], "texture": "#spot_glow", "cullface": "west"},
				"up": {"uv": [0, 0, 0, 0], "texture": "#spot_glow"},
				"down": {"uv": [5, 0, 10.5, 0.25], "texture": "#spot_glow"}
			}
		},
		{
			"from": [0, 3, 6.5],
			"to": [5.5, 4.5, 9.5],
			"faces": {
				"north": {"uv": [10.5, 14.5, 12.5, 15], "rotation": 180, "texture": "#spot_glow"},
				"east": {"uv": [5, 0, 10.5, 0.25], "texture": "#spot_glow"},
				"south": {"uv": [10.5, 14.5, 12.5, 15], "texture": "#spot_glow"},
				"west": {"uv": [10.5, 14, 11, 14.5], "texture": "#spot_glow", "cullface": "west"},
				"up": {"uv": [0, 0, 0, 0], "texture": "#spot_glow"},
				"down": {"uv": [5, 0, 10.5, 0.25], "texture": "#spot_glow"}
			}
		},
		{
			"from": [0, 4.5, 6.5],
			"to": [7, 6, 9.5],
			"faces": {
				"north": {"uv": [10.5, 14, 13, 14.5], "rotation": 180, "texture": "#spot_glow"},
				"east": {"uv": [5, 0, 10.5, 0.25], "texture": "#spot_glow"},
				"south": {"uv": [10.5, 14, 13, 14.5], "texture": "#spot_glow"},
				"west": {"uv": [10.5, 13.5, 11, 14], "texture": "#spot_glow", "cullface": "west"},
				"up": {"uv": [0, 0, 0, 0], "texture": "#spot_glow"},
				"down": {"uv": [5, 0, 10.5, 0.25], "texture": "#spot_glow"}
			}
		},
		{
			"from": [0, 6, 6.5],
			"to": [8.5, 7.5, 9.5],
			"faces": {
				"north": {"uv": [10.5, 13.5, 13.5, 14], "rotation": 180, "texture": "#spot_glow"},
				"east": {"uv": [5, 0, 10.5, 0.25], "texture": "#spot_glow"},
				"south": {"uv": [10.5, 13.5, 13.5, 14], "texture": "#spot_glow"},
				"west": {"uv": [10.5, 13.5, 11, 14], "texture": "#spot_glow", "cullface": "west"},
				"up": {"uv": [0, 0, 0, 0], "texture": "#spot_glow"},
				"down": {"uv": [5, 0, 10.5, 0.25], "texture": "#spot_glow"}
			}
		},
		{
			"from": [0, 7.5, 6.5],
			"to": [10, 9, 9.5],
			"faces": {
				"north": {"uv": [10.5, 13, 14, 13.5], "rotation": 180, "texture": "#spot_glow"},
				"east": {"uv": [5, 0, 10.5, 0.25], "texture": "#spot_glow"},
				"south": {"uv": [10.5, 13, 14, 13.5], "texture": "#spot_glow"},
				"west": {"uv": [10.5, 13, 11, 13.5], "texture": "#spot_glow", "cullface": "west"},
				"up": {"uv": [0, 0, 0, 0], "texture": "#spot_glow"},
				"down": {"uv": [5, 0, 10.5, 0.25], "texture": "#spot_glow"}
			}
		},
		{
			"from": [0, 9, 6.5],
			"to": [11.5, 10.5, 9.5],
			"faces": {
				"north": {"uv": [10.5, 12.5, 14.5, 13], "rotation": 180, "texture": "#spot_glow"},
				"east": {"uv": [5, 0, 10.5, 0.25], "texture": "#spot_glow"},
				"south": {"uv": [10.5, 12.5, 14.5, 13], "texture": "#spot_glow"},
				"west": {"uv": [10.5, 12.5, 11, 13], "texture": "#spot_glow", "cullface": "west"},
				"up": {"uv": [0, 0, 0, 0], "texture": "#spot_glow"},
				"down": {"uv": [5, 0, 10.5, 0.25], "texture": "#spot_glow"}
			}
		},
		{
			"from": [0, 10.5, 6.5],
			"to": [13, 12, 9.5],
			"faces": {
				"north": {"uv": [10.5, 12, 15, 12.5], "rotation": 180, "texture": "#spot_glow"},
				"east": {"uv": [5, 0, 10.5, 0.25], "texture": "#spot_glow"},
				"south": {"uv": [10.5, 12, 15, 12.5], "texture": "#spot_glow"},
				"west": {"uv": [10.5, 12, 11, 12.5], "texture": "#spot_glow", "cullface": "west"},
				"up": {"uv": [10.5, 12, 15, 12.5], "texture": "#spot_glow"},
				"down": {"uv": [5, 0, 10.5, 0.25], "texture": "#spot_glow"}
			}
		},
		{
			"from": [3, 12, 6.5],
			"to": [13, 13.5, 9.5],
			"faces": {
				"north": {"uv": [11.5, 11.5, 15, 12], "rotation": 180, "texture": "#spot_glow"},
				"east": {"uv": [5, 0, 10.5, 0.25], "texture": "#spot_glow"},
				"south": {"uv": [11.5, 11.5, 15, 12], "texture": "#spot_glow"},
				"west": {"uv": [11.5, 11.5, 12, 12], "texture": "#spot_glow"},
				"up": {"uv": [11.5, 11.5, 15, 12], "texture": "#spot_glow"},
				"down": {"uv": [0, 0, 0, 0], "texture": "#spot_glow"}
			}
		},
		{
			"from": [4.5, 13.5, 6.5],
			"to": [14.5, 16, 9.5],
			"faces": {
				"north": {"uv": [15.5, 10.5, 12, 11.5], "texture": "#spot_glow"},
				"east": {"uv": [5, 0, 10.5, 0.25], "texture": "#spot_glow"},
				"south": {"uv": [12, 10.5, 15.5, 11.5], "texture": "#spot_glow"},
				"west": {"uv": [12, 10.5, 12.5, 11.5], "texture": "#spot_glow"},
				"up": {"uv": [12, 10.5, 15.5, 11], "texture": "#spot_glow", "cullface": "up"},
				"down": {"uv": [5, 0, 10.5, 0.25], "texture": "#spot_glow"}
			}
		}
	],
	"display": {
		"thirdperson_righthand": {
			"rotation": [45, 0, 0],
			"translation": [0, -0.25, -0.5],
			"scale": [0.35, 0.35, 0.35]
		},
		"thirdperson_lefthand": {
			"rotation": [45, 0, 0],
			"translation": [0, -0.25, -0.5],
			"scale": [0.35, 0.35, 0.35]
		},
		"firstperson_righthand": {
			"rotation": [0, 8, 0],
			"translation": [0, 0.25, -1],
			"scale": [0.35, 0.35, 0.35]
		},
		"firstperson_lefthand": {
			"rotation": [0, 8, 0],
			"translation": [0, 0.25, -1],
			"scale": [0.35, 0.35, 0.35]
		},
		"ground": {
			"scale": [0.1, 0.1, 0.1]
		},
		"gui": {
			"rotation": [17, -32, 0],
			"translation": [0, 0.25, -1],
			"scale": [0.35, 0.35, 0.35]
		},
		"head": {
			"translation": [0, 0, -3.25]
		},
		"fixed": {
			"scale": [0.35, 0.35, 0.35]
		}
	},
	"groups": [
		{
			"name": "spot_bottom_right",
			"origin": [8, 8, 8],
			"color": 0,
			"children": [0, 1, 2, 3, 4, 5, 6, 7, 8]
		},
		{
			"name": "spot_bottom_right_glow",
			"origin": [8, 8, 8],
			"color": 0,
			"children": [9, 10, 11, 12, 13, 14, 15, 16, 17]
		}
	]
}