{
    "parent": "block/cube_overlay",
    "render_type": "cutout_mipped",
    "textures": {
        "particle": "#side",
        "down": "#end",
        "up": "#end",
        "north": "#side",
        "east": "#side",
        "south": "#side",
        "west": "#side",
        "down_overlay": "#end_overlay",
        "up_overlay": "#end_overlay",
        "north_overlay": "#side_overlay",
        "east_overlay": "#side_overlay",
        "south_overlay": "#side_overlay",
        "west_overlay": "#side_overlay"
    }
}
