{
    "parent": "block/cube_lit",
    "render_type": "cutout_mipped",
    "textures": {
        "particle": "#side",
        "down": "#bottom",
        "up": "#top",
        "north": "#side",
        "east": "#side",
        "south": "#side",
        "west": "#side",
        "down_overlay": "#bottom_overlay",
        "up_overlay": "#top_overlay",
        "north_overlay": "#side_overlay",
        "east_overlay": "#side_overlay",
        "south_overlay": "#side_overlay",
        "west_overlay": "#side_overlay"
    }
}
