{   
    "parent": "block/block",
    "render_type": "cutout_mipped",
    "textures": {
        "particle": "#side"
    },
    "elements": [
        {   "from": [ 0, 0, 0 ],
            "to": [ 16, 8, 16 ],
            "faces": {
                "down":  { "uv": [ 0, 0, 16, 16 ], "texture": "#bottom", "cullface": "down" },
                "up":    { "uv": [ 0, 0, 16, 16 ], "texture": "#top" },
                "north": { "uv": [ 0, 8, 16, 16 ], "texture": "#side", "cullface": "north" },
                "south": { "uv": [ 0, 8, 16, 16 ], "texture": "#side", "cullface": "south" },
                "west":  { "uv": [ 0, 8, 16, 16 ], "texture": "#side", "cullface": "west" },
                "east":  { "uv": [ 0, 8, 16, 16 ], "texture": "#side", "cullface": "east" }
            }
        },
        {   "from": [ 0, 0, 0 ],
            "to": [ 16, 8, 16 ],
            "faces": {
                "down":  { "uv": [ 0, 0, 16, 16 ], "texture": "#bottom_overlay", "cullface": "down" },
                "up":    { "uv": [ 0, 0, 16, 16 ], "texture": "#top_overlay" },
                "north": { "uv": [ 0, 8, 16, 16 ], "texture": "#side_overlay", "cullface": "north" },
                "south": { "uv": [ 0, 8, 16, 16 ], "texture": "#side_overlay", "cullface": "south" },
                "west":  { "uv": [ 0, 8, 16, 16 ], "texture": "#side_overlay", "cullface": "west" },
                "east":  { "uv": [ 0, 8, 16, 16 ], "texture": "#side_overlay", "cullface": "east" }
            }
        }
    ]
}
