{
	"credit": "Made with Blockbench",
	"ambientocclusion": false,
    "render_type": "cutout_mipped",
	"textures": {
		"particle": "#rail"
	},
	"elements": [
		{
			"from": [0, 9, 0],
			"to": [16, 9, 16],
			"rotation": {"angle": -45, "axis": "x", "origin": [8, 9, 8], "rescale": true},
			"faces": {
				"up": {"uv": [0, 0, 16, 16], "texture": "#rail"},
				"down": {"uv": [0, 16, 16, 0], "texture": "#rail"}
			}
		},
		{
			"from": [0, 9, 0],
			"to": [16, 9, 16],
			"rotation": {"angle": -45, "axis": "x", "origin": [8, 9, 8], "rescale": true},
			"faces": {
				"up": {"uv": [0, 0, 16, 16], "texture": "#overlay"},
				"down": {"uv": [0, 16, 16, 0], "texture": "#overlay"}
			}
		}
	]
}