{
	"credit": "Made with Blockbench",
	"parent": "block/block",
    "render_type": "cutout_mipped",
	"textures": {
		"particle": "block/sculk_shrieker_bottom",
		"bottom": "block/sculk_shrieker_bottom",
		"side": "block/sculk_shrieker_side",
		"top": "block/sculk_shrieker_top",
		"inner_top": "block/sculk_shrieker_inner_top",
		"bottom_overlay": "block/sculk_shrieker_bottom_glow",
		"inner_top_overlay": "block/sculk_shrieker_inner_top_glow",
		"side_overlay": "block/sculk_shrieker_side_glow"
	},
	"elements": [
		{
			"name": "bottom_slab",
			"from": [0, 0, 0],
			"to": [16, 8, 16],
			"faces": {
				"north": {"uv": [0, 8, 16, 16], "texture": "#side", "cullface": "north"},
				"east": {"uv": [0, 8, 16, 16], "texture": "#side", "cullface": "east"},
				"south": {"uv": [0, 8, 16, 16], "texture": "#side", "cullface": "south"},
				"west": {"uv": [0, 8, 16, 16], "texture": "#side", "cullface": "west"},
				"up": {"uv": [0, 0, 16, 16], "texture": "#inner_top"},
				"down": {"uv": [0, 0, 16, 16], "texture": "#bottom", "cullface": "down"}
			}
		},
		{
			"name": "top_slab",
			"from": [1, 8, 1],
			"to": [15, 15, 15],
			"faces": {
				"north": {"uv": [1, 1, 15, 8], "texture": "#side"},
				"east": {"uv": [1, 1, 15, 8], "texture": "#side"},
				"south": {"uv": [1, 1, 15, 8], "texture": "#side"},
				"west": {"uv": [1, 1, 15, 8], "texture": "#side"},
				"up": {"uv": [1, 1, 15, 15], "texture": "#top"}
			}
		},
		{
			"name": "up",
			"from": [1, 14.98, 1],
			"to": [15, 14.98, 15],
			"faces": {
				"down": {"uv": [1, 1, 15, 15], "texture": "#top"}
			}
		},
		{
			"name": "south",
			"from": [1, 8, 14.98],
			"to": [15, 15, 14.98],
			"faces": {
				"north": {"uv": [1, 1, 15, 8], "texture": "#side"}
			}
		},
		{
			"name": "north",
			"from": [1, 8, 1.02],
			"to": [15, 15, 1.02],
			"faces": {
				"south": {"uv": [1, 1, 15, 8], "texture": "#side"}
			}
		},
		{
			"name": "east",
			"from": [14.98, 8, 1],
			"to": [14.98, 15, 15],
			"faces": {
				"west": {"uv": [1, 1, 15, 8], "texture": "#side"}
			}
		},
		{
			"name": "west",
			"from": [1.02, 8, 1],
			"to": [1.02, 15, 15],
			"faces": {
				"east": {"uv": [1, 1, 15, 8], "texture": "#side"}
			}
		},
		{
			"name": "overlay",
			"from": [0, 0, 0],
			"to": [16, 8, 16],
			"faces": {
				"north": {"uv": [0, 8, 16, 16], "texture": "#side_overlay", "cullface": "north", "tintindex": -101},
				"east": {"uv": [0, 8, 16, 16], "texture": "#side_overlay", "cullface": "east", "tintindex": -101},
				"south": {"uv": [0, 8, 16, 16], "texture": "#side_overlay", "cullface": "south", "tintindex": -101},
				"west": {"uv": [0, 8, 16, 16], "texture": "#side_overlay", "cullface": "west", "tintindex": -101},
				"up": {"uv": [0, 0, 16, 16], "texture": "#inner_top_overlay", "tintindex": -101},
				"down": {"uv": [0, 0, 16, 16], "texture": "#bottom_overlay", "cullface": "down", "tintindex": -101}
			}
		}
	],
	"groups": [
		0,
		1,
		2,
		3,
		4,
		5,
		6,
		{
			"name": "overlay",
			"origin": [0, 0, 0],
			"color": 0,
			"children": [7]
		}
	]
}