{
	"credit": "Made with Blockbench",
	"textures": {
		"cracks": "pokecube:block/dynamax_cracks",
		"cracks_overlay": "pokecube:block/dynamax_cracks_glow",
		"particle": "pokecube:block/dynamax",
		"dynamax": "pokecube:block/dynamax",
		"dynamax_overlay": "pokecube:block/dynamax_glow"
	},
	"render_type": "cutout_mipped",
	"elements": [
		{
			"name": "base",
			"from": [2, 0, 2],
			"to": [14, 3, 14],
			"rotation": {"angle": 0, "axis": "y", "origin": [8, 1.5, 8]},
			"faces": {
				"north": {"uv": [2, 13, 14, 16], "texture": "#dynamax"},
				"east": {"uv": [2, 13, 14, 16], "texture": "#dynamax"},
				"south": {"uv": [2, 13, 14, 16], "texture": "#dynamax"},
				"west": {"uv": [2, 13, 14, 16], "texture": "#dynamax"},
				"up": {"uv": [2, 2, 14, 14], "texture": "#cracks"},
				"down": {"uv": [2, 2, 14, 14], "texture": "#cracks", "cullface": "down"}
			}
		},
		{
			"name": "base",
			"from": [2, 0, 2],
			"to": [14, 3, 14],
			"rotation": {"angle": 0, "axis": "y", "origin": [8, 1.5, 8]},
			"faces": {
				"up": {"uv": [2, 2, 14, 14], "texture": "#cracks_overlay"},
				"down": {"uv": [2, 2, 14, 14], "texture": "#cracks_overlay", "cullface": "down"}
			}
		},
		{
			"name": "dynamax",
			"from": [0.8, 0, 8],
			"to": [15.2, 16, 8],
			"shade": false,
			"rotation": {"angle": 45, "axis": "y", "origin": [8, 8, 8], "rescale": true},
			"faces": {
				"north": {"uv": [0, 0, 16, 16], "texture": "#dynamax_overlay"},
				"south": {"uv": [0, 0, 16, 16], "texture": "#dynamax_overlay"}
			}
		},
		{
			"name": "dynamax",
			"from": [8, 0, 0.8],
			"to": [8, 16, 15.2],
			"shade": false,
			"rotation": {"angle": 45, "axis": "y", "origin": [8, 8, 8], "rescale": true},
			"faces": {
				"east": {"uv": [0, 0, 16, 16], "texture": "#dynamax_overlay"},
				"west": {"uv": [0, 0, 16, 16], "texture": "#dynamax_overlay"}
			}
		}
	],
	"display": {
		"thirdperson_righthand": {
			"rotation": [75, 45, 0],
			"translation": [0, 2.5, 2.5],
			"scale": [0.375, 0.375, 0.375]
		},
		"thirdperson_lefthand": {
			"rotation": [75, 45, 0],
			"translation": [0, 2.5, 2.5],
			"scale": [0.375, 0.375, 0.375]
		},
		"firstperson_righthand": {
			"rotation": [0, 45, 0],
			"translation": [0, 2.25, 0],
			"scale": [0.4, 0.4, 0.4]
		},
		"firstperson_lefthand": {
			"rotation": [0, 45, 0],
			"translation": [0, 2.25, 0],
			"scale": [0.4, 0.4, 0.4]
		},
		"ground": {
			"translation": [0, 3, 0],
			"scale": [0.25, 0.25, 0.25]
		},
		"gui": {
			"rotation": [30, 225, 0],
			"scale": [0.625, 0.625, 0.625]
		},
		"head": {
			"rotation": [0, 180, 0],
			"translation": [0, 14.4, 0]
		},
		"fixed": {
			"scale": [0.5, 0.5, 0.5]
		}
	}
}