{
	"credit": "Made with Blockbench",
    "render_type": "cutout",
	"textures": {
		"particle": "pokecube:block/tm_machine_front",
		"front": "pokecube:block/tm_machine_front",
		"front_glow": "pokecube:block/tm_machine_front_glow",
		"details": "pokecube:block/tm_machine_details",
		"details_glow": "pokecube:block/tm_machine_details_glow",
		"top": "pokecube:block/tm_machine_top",
		"side1": "pokecube:block/tm_machine_side1",
		"side2": "pokecube:block/tm_machine_side2",
		"back": "pokecube:block/tm_machine_back"
	},
	"elements": [
		{
			"name": "bottom",
			"from": [0, 0, 0],
			"to": [16, 1, 13],
			"faces": {
				"north": {"uv": [0, 15, 16, 16], "texture": "#back", "cullface": "north"},
				"east": {"uv": [0, 15, 13, 16], "texture": "#side2", "cullface": "east"},
				"south": {"uv": [0, 15, 16, 16], "texture": "#front"},
				"west": {"uv": [0, 15, 13, 16], "texture": "#side1", "cullface": "west"},
				"up": {"uv": [0, 0, 16, 13], "texture": "#top"},
				"down": {"uv": [0, 0, 16, 13], "texture": "#top", "cullface": "down"}
			}
		},
		{
			"name": "main",
			"from": [1, 1, 1],
			"to": [15, 10, 12],
			"faces": {
				"north": {"uv": [1, 6, 15, 15], "texture": "#back"},
				"east": {"uv": [1, 6, 12, 15], "texture": "#side2"},
				"south": {"uv": [1, 6, 15, 15], "texture": "#front"},
				"west": {"uv": [1, 6, 12, 15], "texture": "#side1"}
			}
		},
		{
			"name": "counter",
			"from": [0, 10, 0],
			"to": [16, 11, 13],
			"faces": {
				"north": {"uv": [0, 5, 16, 6], "texture": "#back", "cullface": "north"},
				"east": {"uv": [0, 5, 13, 6], "texture": "#side2", "cullface": "east"},
				"south": {"uv": [0, 5, 16, 6], "texture": "#front"},
				"west": {"uv": [0, 5, 13, 6], "texture": "#side1", "cullface": "west"},
				"up": {"uv": [0, 0, 16, 13], "texture": "#top"},
				"down": {"uv": [0, 0, 16, 13], "texture": "#top"}
			}
		},
		{
			"name": "tm_slot",
			"from": [10, 7, 12],
			"to": [14, 8, 15],
			"faces": {
				"east": {"uv": [4, 7, 5, 10], "rotation": 90, "texture": "#details"},
				"south": {"uv": [0, 10, 4, 11], "texture": "#details"},
				"west": {"uv": [4, 7, 5, 10], "rotation": 270, "texture": "#details"},
				"up": {"uv": [0, 7, 4, 10], "texture": "#details"},
				"down": {"uv": [0, 7, 4, 10], "texture": "#details"}
			}
		},
		{
			"name": "keyboard",
			"from": [2, 11, 4],
			"to": [14, 12, 9],
			"faces": {
				"north": {"uv": [0, 5, 12, 6], "texture": "#details"},
				"east": {"uv": [12, 0, 13, 5], "rotation": 90, "texture": "#details"},
				"south": {"uv": [0, 5, 12, 6], "texture": "#details"},
				"west": {"uv": [12, 0, 13, 5], "rotation": 90, "texture": "#details"},
				"up": {"uv": [0, 0, 12, 5], "texture": "#details"}
			}
		},
		{
			"name": "keyboard_glow",
			"from": [2, 11, 4],
			"to": [14, 12, 9],
			"faces": {
				"up": {"uv": [0, 0, 12, 5], "texture": "#details_glow"}
			}
		},
		{
			"name": "screen",
			"from": [4, 11, 1],
			"to": [12, 16, 2],
			"faces": {
				"south": {"uv": [0, 0, 8, 5], "texture": "#front"}
			}
		},
		{
			"name": "screen_glow",
			"from": [4, 11, 1],
			"to": [12, 16, 2],
			"faces": {
				"north": {"uv": [0, 0, 8, 5], "texture": "#back"},
				"east": {"uv": [8, 0, 9, 5], "texture": "#front"},
				"south": {"uv": [0, 0, 8, 5], "texture": "#front_glow"},
				"west": {"uv": [8, 0, 9, 5], "texture": "#front"},
				"up": {"uv": [8, 4, 16, 5], "texture": "#front", "cullface": "up"}
			}
		}
	],
	"display": {
		"thirdperson_righthand": {
			"rotation": [75, 45, 0],
			"translation": [0, 2.5, 0],
			"scale": [0.375, 0.375, 0.375]
		},
		"thirdperson_lefthand": {
			"rotation": [75, 45, 0],
			"translation": [0, 2.5, 0],
			"scale": [0.375, 0.375, 0.375]
		},
		"firstperson_righthand": {
			"rotation": [0, -45, 0],
			"translation": [0, 1.5, 0],
			"scale": [0.4, 0.4, 0.4]
		},
		"firstperson_lefthand": {
			"rotation": [0, -45, 0],
			"translation": [0, 1.5, 0],
			"scale": [0.4, 0.4, 0.4]
		},
		"ground": {
			"translation": [0, 3, 0],
			"scale": [0.25, 0.25, 0.25]
		},
		"gui": {
			"rotation": [30, -45, 0],
			"translation": [-0.5, 0.25, 0],
			"scale": [0.625, 0.625, 0.625]
		},
		"head": {
			"rotation": [0, 180, 0],
			"translation": [0, 14.25, -1.5]
		},
		"fixed": {
			"rotation": [0, -180, 0],
			"translation": [0, 0, -1],
			"scale": [0.5, 0.5, 0.5]
		}
	}
}