{
	"credit": "Made with Blockbench",
	"ambientocclusion": false,
    "render_type": "cutout_mipped",
	"textures": {
		"slab": "block/smooth_stone",
		"particle": "block/comparator_on",
		"top": "block/comparator_on",
		"unlit": "block/redstone_torch_off",
		"lit": "block/redstone_torch",
		"comparator_overlay": "block/comparator_on_glow",
		"torch_overlay": "block/redstone_torch_glow"
	},
	"elements": [
		{
			"from": [9, 2, 11],
			"to": [13, 8, 13],
			"faces": {
				"north": {"uv": [6, 5, 10, 11], "texture": "#lit"},
				"south": {"uv": [6, 5, 10, 11], "texture": "#lit"}
			}
		},
		{
			"from": [4, 7, 11],
			"to": [6, 7, 13],
			"faces": {
				"up": {"uv": [7, 6, 9, 8], "texture": "#lit"}
			}
		},
		{
			"from": [4, 2, 10],
			"to": [6, 8, 14],
			"faces": {
				"east": {"uv": [6, 5, 10, 11], "texture": "#lit"},
				"west": {"uv": [6, 5, 10, 11], "texture": "#lit"}
			}
		},
		{
			"from": [3, 2, 11],
			"to": [7, 8, 13],
			"faces": {
				"north": {"uv": [6, 5, 10, 11], "texture": "#lit"},
				"south": {"uv": [6, 5, 10, 11], "texture": "#lit"}
			}
		},
		{
			"from": [10, 7, 11],
			"to": [12, 7, 13],
			"faces": {
				"up": {"uv": [7, 6, 9, 8], "texture": "#lit"}
			}
		},
		{
			"from": [10, 2, 10],
			"to": [12, 8, 14],
			"faces": {
				"east": {"uv": [6, 5, 10, 11], "texture": "#lit"},
				"west": {"uv": [6, 5, 10, 11], "texture": "#lit"}
			}
		},
		{
			"from": [0, 0.01, 0],
			"to": [16, 2.01, 16],
			"faces": {
				"up": {"uv": [0, 0, 16, 16], "texture": "#comparator_overlay", "tintindex": -101}
			}
		},
		{
			"from": [4, 7, 11],
			"to": [6, 7, 13],
			"faces": {
				"up": {"uv": [7, 6, 9, 8], "texture": "#torch_overlay"}
			}
		},
		{
			"from": [4, 2, 10],
			"to": [6, 8, 14],
			"faces": {
				"east": {"uv": [6, 5, 10, 11], "texture": "#torch_overlay"},
				"west": {"uv": [6, 5, 10, 11], "texture": "#torch_overlay"}
			}
		},
		{
			"from": [3, 2, 11],
			"to": [7, 8, 13],
			"faces": {
				"north": {"uv": [6, 5, 10, 11], "texture": "#torch_overlay"},
				"south": {"uv": [6, 5, 10, 11], "texture": "#torch_overlay"}
			}
		},
		{
			"from": [10, 7, 11],
			"to": [12, 7, 13],
			"faces": {
				"up": {"uv": [7, 6, 9, 8], "texture": "#torch_overlay"}
			}
		},
		{
			"from": [10, 2, 10],
			"to": [12, 8, 14],
			"faces": {
				"east": {"uv": [6, 5, 10, 11], "texture": "#torch_overlay"},
				"west": {"uv": [6, 5, 10, 11], "texture": "#torch_overlay"}
			}
		},
		{
			"from": [9, 2, 11],
			"to": [13, 8, 13],
			"faces": {
				"north": {"uv": [6, 5, 10, 11], "texture": "#torch_overlay"},
				"south": {"uv": [6, 5, 10, 11], "texture": "#torch_overlay"}
			}
		},
		{
			"from": [0, 0, 0],
			"to": [16, 2, 16],
			"faces": {
				"north": {"uv": [0, 14, 16, 16], "texture": "#slab", "cullface": "north"},
				"east": {"uv": [0, 14, 16, 16], "texture": "#slab", "cullface": "east"},
				"south": {"uv": [0, 14, 16, 16], "texture": "#slab", "cullface": "south"},
				"west": {"uv": [0, 14, 16, 16], "texture": "#slab", "cullface": "west"},
				"up": {"uv": [0, 0, 16, 16], "texture": "#top"},
				"down": {"uv": [0, 0, 16, 16], "texture": "#slab", "cullface": "down"}
			}
		},
		{
			"from": [7, 2, 2],
			"to": [9, 4, 4],
			"faces": {
				"north": {"uv": [7, 6, 9, 8], "texture": "#unlit"},
				"east": {"uv": [7, 6, 9, 8], "texture": "#unlit"},
				"south": {"uv": [7, 6, 9, 8], "texture": "#unlit"},
				"west": {"uv": [7, 6, 9, 8], "texture": "#unlit"},
				"up": {"uv": [7, 6, 9, 8], "texture": "#unlit"},
				"down": {"uv": [7, 13, 9, 15], "texture": "#unlit"}
			}
		}
	],
	"groups": [
		{
			"name": "cutout",
			"origin": [0, 0, 0],
			"color": 0,
			"children": [0, 1, 2, 3, 4, 5]
		},
		{
			"name": "overlay",
			"origin": [8, 8, 8],
			"color": 0,
			"children": [6, 7, 8, 9, 10, 11, 12]
		},
		{
			"name": "solid",
			"origin": [0, 0, 0],
			"color": 0,
			"children": [13, 14]
		}
	]
}