{
	"parent":"block/cube_all",
    "render_type": "cutout_mipped",
	"textures":{
		"all":"block/crimson_stem",
		"all_overlay":"block/crimson_stem_glow"
	},
	"elements":[
		{
			"from":[0,0,0],"to":[16,16,16],
			"faces":{
				"up":{"uv":[0,0,16,16],"texture":"#all","cullface":"up"},
				"down":{"uv":[0,0,16,16],"texture":"#all","cullface":"down"},
				"north":{"uv":[0,0,16,16],"texture":"#all","cullface":"north"},
				"south":{"uv":[0,0,16,16],"texture":"#all","cullface":"south"},
				"west":{"uv":[0,0,16,16],"texture":"#all","cullface":"west"},
				"east":{"uv":[0,0,16,16],"texture":"#all","cullface":"east"}
			}
		},
		{
			"from":[0,0,0],"to":[16,16,16],
			"faces":{
				"north":{"texture":"#all_overlay","cullface":"north"},
				"up":{"uv":[0,0,16,16],"texture":"#all_overlay","cullface":"up"},
				"down":{"uv":[0,0,16,16],"texture":"#all_overlay","cullface":"down"},
				"south":{"uv":[0,0,16,16],"texture":"#all_overlay","cullface":"south"},
				"west":{"uv":[0,0,16,16],"texture":"#all_overlay","cullface":"west"},
				"east":{"uv":[0,0,16,16],"texture":"#all_overlay","cullface":"east"}
			}
		}
	]
}