{
	"parent": "block/cube_bottom_top",
    "render_type": "cutout",
    "textures": {
        "bottom": "pokecube_legends:block/cracked_distortic_stone",
        "side": "pokecube_legends:block/cracked_distortic_stone_side",
        "side_overlay": "pokecube_legends:block/cracked_distortic_stone_side_glow",
        "top": "pokecube_legends:block/cracked_distortic_stone_top",
        "particle": "#side"
    },
	"elements": [
		{
			"from": [0, 0, 0],
			"to": [16, 16, 16],
			"faces": {
				"north": {"uv": [0, 0, 16, 16], "texture": "#side", "cullface": "north"},
				"east": {"uv": [0, 0, 16, 16], "texture": "#side", "cullface": "east"},
				"south": {"uv": [0, 0, 16, 16], "texture": "#side", "cullface": "south"},
				"west": {"uv": [0, 0, 16, 16], "texture": "#side", "cullface": "west"},
				"up": {"uv": [0, 0, 16, 16], "texture": "#top", "cullface": "up"},
				"down": {"uv": [0, 0, 16, 16], "texture": "#bottom", "cullface": "down"}
			}
		},
		{
			"from": [0, 0, 0],
			"to": [16, 16, 16],
			"faces": {
				"north": {"uv": [0, 0, 16, 16], "texture": "#side_overlay", "cullface": "north"},
				"east": {"uv": [0, 0, 16, 16], "texture": "#side_overlay", "cullface": "east"},
				"south": {"uv": [0, 0, 16, 16], "texture": "#side_overlay", "cullface": "south"},
				"west": {"uv": [0, 0, 16, 16], "texture": "#side_overlay", "cullface": "west"}
			}
		}
	]
}