{
	"credit": "Made with Blockbench",
    "render_type": "cutout",
	"textures": {
		"particle": "pokecube_legends:block/portal_off",
		"spot": "pokecube_legends:block/portal_off",
		"spot_glow": "pokecube_legends:block/portal_off_glow"
	},
	"elements": [
		{
			"from": [2.5, 1.5, 6.5],
			"to": [11.5, 4.5, 9.5],
			"rotation": {"angle": 0, "axis": "y", "origin": [8, 7.25, 8]},
			"faces": {
				"north": {"uv": [3.5, 4, 0.5, 5], "texture": "#spot"},
				"east": {"uv": [3, 4, 3.5, 5], "texture": "#spot"},
				"south": {"uv": [0.5, 4, 3.5, 5], "texture": "#spot"},
				"west": {"uv": [5.333, 0, 10.333, 0.25], "texture": "#spot"},
				"up": {"uv": [5.333, 0, 10.333, 0.25], "texture": "#spot"},
				"down": {"uv": [0.5, 4.5, 3.5, 5], "texture": "#spot"}
			}
		},
		{
			"from": [2.5, 0, 6.5],
			"to": [10, 1.5, 9.5],
			"rotation": {"angle": 0, "axis": "y", "origin": [8, 7.25, 8]},
			"faces": {
				"north": {"uv": [0.5, 5, 3, 5.5], "rotation": 180, "texture": "#spot"},
				"east": {"uv": [2.5, 5, 3, 5.5], "texture": "#spot"},
				"south": {"uv": [0.5, 5, 3, 5.5], "texture": "#spot"},
				"west": {"uv": [5.333, 0, 10.333, 0.25], "texture": "#spot"},
				"down": {"uv": [0.5, 5, 3, 5.5], "texture": "#spot", "cullface": "down"}
			}
		},
		{
			"from": [4, 6, 6.5],
			"to": [16, 7.5, 9.5],
			"rotation": {"angle": 0, "axis": "y", "origin": [8, 8.75, 8]},
			"faces": {
				"north": {"uv": [1, 3, 5, 3.5], "rotation": 180, "texture": "#spot"},
				"east": {"uv": [4.5, 3, 5, 3.5], "texture": "#spot", "cullface": "east"},
				"south": {"uv": [1, 3, 5, 3.5], "texture": "#spot"},
				"west": {"uv": [5.333, 0, 10.333, 0.25], "texture": "#spot"},
				"up": {"uv": [5.333, 0, 10.333, 0.25], "texture": "#spot"},
				"down": {"uv": [1, 3, 5, 3.5], "texture": "#spot"}
			}
		},
		{
			"from": [4, 4.5, 6.5],
			"to": [13, 6, 9.5],
			"rotation": {"angle": 0, "axis": "y", "origin": [8, 8.75, 8]},
			"faces": {
				"north": {"uv": [1, 3.5, 4, 4], "rotation": 180, "texture": "#spot"},
				"east": {"uv": [3.5, 3.5, 4, 4], "texture": "#spot"},
				"south": {"uv": [1, 3.5, 4, 4], "texture": "#spot"},
				"west": {"uv": [5.333, 0, 10.333, 0.25], "texture": "#spot"},
				"down": {"uv": [1, 3.5, 4, 4], "texture": "#spot"}
			}
		},
		{
			"from": [5.5, 7.5, 6.5],
			"to": [16, 9, 9.5],
			"rotation": {"angle": 0, "axis": "y", "origin": [8, 7.75, 8]},
			"faces": {
				"north": {"uv": [1.5, 2.5, 5, 3], "rotation": 180, "texture": "#spot"},
				"east": {"uv": [4.5, 2.5, 5, 3], "texture": "#spot", "cullface": "east"},
				"south": {"uv": [1.5, 2.5, 5, 3], "texture": "#spot"},
				"west": {"uv": [5.333, 0, 10.333, 0.25], "texture": "#spot"},
				"up": {"uv": [5.333, 0, 10.333, 0.25], "texture": "#spot"}
			}
		},
		{
			"from": [7, 9, 6.5],
			"to": [16, 10.5, 9.5],
			"rotation": {"angle": 0, "axis": "y", "origin": [8, 7.75, 8]},
			"faces": {
				"north": {"uv": [2, 2, 5, 2.5], "rotation": 180, "texture": "#spot"},
				"east": {"uv": [4.5, 2, 5, 2.5], "texture": "#spot", "cullface": "east"},
				"south": {"uv": [2, 2, 5, 2.5], "texture": "#spot"},
				"west": {"uv": [5.333, 0, 10.333, 0.25], "texture": "#spot"},
				"up": {"uv": [5.333, 0, 10.333, 0.25], "texture": "#spot"}
			}
		},
		{
			"from": [8.5, 10.5, 6.5],
			"to": [16, 12, 9.5],
			"rotation": {"angle": 0, "axis": "y", "origin": [8, 7.75, 8]},
			"faces": {
				"north": {"uv": [2.5, 1.5, 5, 2], "rotation": 180, "texture": "#spot"},
				"east": {"uv": [4.5, 1.5, 5, 2], "texture": "#spot", "cullface": "east"},
				"south": {"uv": [2.5, 1.5, 5, 2], "texture": "#spot"},
				"west": {"uv": [5.333, 0, 10.333, 0.25], "texture": "#spot"},
				"up": {"uv": [5.333, 0, 10.333, 0.25], "texture": "#spot"}
			}
		},
		{
			"from": [10, 12, 6.5],
			"to": [16, 13.5, 9.5],
			"rotation": {"angle": 0, "axis": "y", "origin": [8, 7.75, 8]},
			"faces": {
				"north": {"uv": [3, 1, 5, 1.5], "rotation": 180, "texture": "#spot"},
				"east": {"uv": [4.5, 1, 5, 1.5], "texture": "#spot", "cullface": "east"},
				"south": {"uv": [3, 1, 5, 1.5], "texture": "#spot"},
				"west": {"uv": [5.333, 0, 10.333, 0.25], "texture": "#spot"},
				"up": {"uv": [5.333, 0, 10.333, 0.25], "texture": "#spot"}
			}
		},
		{
			"from": [11.5, 13.5, 6.5],
			"to": [16, 14.75, 9.5],
			"rotation": {"angle": 0, "axis": "y", "origin": [8, 7.75, 8]},
			"faces": {
				"north": {"uv": [3.5, 0.5, 5, 1], "rotation": 180, "texture": "#spot"},
				"east": {"uv": [4.5, 0.5, 5, 1], "texture": "#spot", "cullface": "east"},
				"south": {"uv": [3.5, 0.5, 5, 1], "texture": "#spot"},
				"west": {"uv": [5.333, 0, 10.333, 0.25], "texture": "#spot"},
				"up": {"uv": [5.333, 0, 10.333, 0.25], "texture": "#spot"}
			}
		},
		{
			"from": [14.5, 14.75, 6.5],
			"to": [16, 16, 9.5],
			"rotation": {"angle": 0, "axis": "y", "origin": [8, 7.75, 8]},
			"faces": {
				"north": {"uv": [4.5, 0, 5, 0.5], "rotation": 180, "texture": "#spot"},
				"east": {"uv": [4.5, 0, 5, 0.5], "texture": "#spot", "cullface": "east"},
				"south": {"uv": [4.5, 0, 5, 0.5], "texture": "#spot"},
				"west": {"uv": [5.333, 0, 10.333, 0.25], "texture": "#spot"},
				"up": {"uv": [5.333, 0, 10.333, 0.25], "texture": "#spot", "cullface": "up"}
			}
		},
		{
			"from": [2.5, 1.5, 6.5],
			"to": [11.5, 4.5, 9.5],
			"rotation": {"angle": 0, "axis": "y", "origin": [8, 7.25, 8]},
			"faces": {
				"north": {"uv": [3.5, 4, 0.5, 5], "texture": "#spot_glow"},
				"east": {"uv": [3, 4, 3.5, 5], "texture": "#spot_glow"},
				"south": {"uv": [0.5, 4, 3.5, 5], "texture": "#spot_glow"},
				"west": {"uv": [5.333, 0, 10.333, 0.25], "texture": "#spot_glow"},
				"up": {"uv": [5.333, 0, 10.333, 0.25], "texture": "#spot_glow"},
				"down": {"uv": [0.5, 4.5, 3.5, 5], "texture": "#spot_glow"}
			}
		},
		{
			"from": [2.5, 0, 6.5],
			"to": [10, 1.5, 9.5],
			"rotation": {"angle": 0, "axis": "y", "origin": [8, 7.25, 8]},
			"faces": {
				"north": {"uv": [0.5, 5, 3, 5.5], "rotation": 180, "texture": "#spot_glow"},
				"east": {"uv": [2.5, 5, 3, 5.5], "texture": "#spot_glow"},
				"south": {"uv": [0.5, 5, 3, 5.5], "texture": "#spot_glow"},
				"west": {"uv": [5.333, 0, 10.333, 0.25], "texture": "#spot_glow"},
				"up": {"uv": [0, 0, 0, 0], "texture": "#spot_glow"},
				"down": {"uv": [0.5, 5, 3, 5.5], "texture": "#spot_glow", "cullface": "down"}
			}
		},
		{
			"from": [4, 6, 6.5],
			"to": [16, 7.5, 9.5],
			"rotation": {"angle": 0, "axis": "y", "origin": [8, 8.75, 8]},
			"faces": {
				"north": {"uv": [1, 3, 5, 3.5], "rotation": 180, "texture": "#spot_glow"},
				"east": {"uv": [4.5, 3, 5, 3.5], "texture": "#spot_glow", "cullface": "east"},
				"south": {"uv": [1, 3, 5, 3.5], "texture": "#spot_glow"},
				"west": {"uv": [5.333, 0, 10.333, 0.25], "texture": "#spot_glow"},
				"up": {"uv": [5.333, 0, 10.333, 0.25], "texture": "#spot_glow"},
				"down": {"uv": [1, 3, 5, 3.5], "texture": "#spot_glow"}
			}
		},
		{
			"from": [4, 4.5, 6.5],
			"to": [13, 6, 9.5],
			"rotation": {"angle": 0, "axis": "y", "origin": [8, 8.75, 8]},
			"faces": {
				"north": {"uv": [1, 3.5, 4, 4], "rotation": 180, "texture": "#spot_glow"},
				"east": {"uv": [3.5, 3.5, 4, 4], "texture": "#spot_glow"},
				"south": {"uv": [1, 3.5, 4, 4], "texture": "#spot_glow"},
				"west": {"uv": [5.333, 0, 10.333, 0.25], "texture": "#spot_glow"},
				"up": {"uv": [0, 0, 0, 0], "texture": "#spot_glow"},
				"down": {"uv": [1, 3.5, 4, 4], "texture": "#spot_glow"}
			}
		},
		{
			"from": [5.5, 7.5, 6.5],
			"to": [16, 9, 9.5],
			"rotation": {"angle": 0, "axis": "y", "origin": [8, 7.75, 8]},
			"faces": {
				"north": {"uv": [1.5, 2.5, 5, 3], "rotation": 180, "texture": "#spot_glow"},
				"east": {"uv": [4.5, 2.5, 5, 3], "texture": "#spot_glow", "cullface": "east"},
				"south": {"uv": [1.5, 2.5, 5, 3], "texture": "#spot_glow"},
				"west": {"uv": [5.333, 0, 10.333, 0.25], "texture": "#spot_glow"},
				"up": {"uv": [5.333, 0, 10.333, 0.25], "texture": "#spot_glow"},
				"down": {"uv": [0, 0, 0, 0], "texture": "#spot_glow"}
			}
		},
		{
			"from": [7, 9, 6.5],
			"to": [16, 10.5, 9.5],
			"rotation": {"angle": 0, "axis": "y", "origin": [8, 7.75, 8]},
			"faces": {
				"north": {"uv": [2, 2, 5, 2.5], "rotation": 180, "texture": "#spot_glow"},
				"east": {"uv": [4.5, 2, 5, 2.5], "texture": "#spot_glow", "cullface": "east"},
				"south": {"uv": [2, 2, 5, 2.5], "texture": "#spot_glow"},
				"west": {"uv": [5.333, 0, 10.333, 0.25], "texture": "#spot_glow"},
				"up": {"uv": [5.333, 0, 10.333, 0.25], "texture": "#spot_glow"},
				"down": {"uv": [0, 0, 0, 0], "texture": "#spot_glow"}
			}
		},
		{
			"from": [8.5, 10.5, 6.5],
			"to": [16, 12, 9.5],
			"rotation": {"angle": 0, "axis": "y", "origin": [8, 7.75, 8]},
			"faces": {
				"north": {"uv": [2.5, 1.5, 5, 2], "rotation": 180, "texture": "#spot_glow"},
				"east": {"uv": [4.5, 1.5, 5, 2], "texture": "#spot_glow", "cullface": "east"},
				"south": {"uv": [2.5, 1.5, 5, 2], "texture": "#spot_glow"},
				"west": {"uv": [5.333, 0, 10.333, 0.25], "texture": "#spot_glow"},
				"up": {"uv": [5.333, 0, 10.333, 0.25], "texture": "#spot_glow"},
				"down": {"uv": [0, 0, 0, 0], "texture": "#spot_glow"}
			}
		},
		{
			"from": [10, 12, 6.5],
			"to": [16, 13.5, 9.5],
			"rotation": {"angle": 0, "axis": "y", "origin": [8, 7.75, 8]},
			"faces": {
				"north": {"uv": [3, 1, 5, 1.5], "rotation": 180, "texture": "#spot_glow"},
				"east": {"uv": [4.5, 1, 5, 1.5], "texture": "#spot_glow", "cullface": "east"},
				"south": {"uv": [3, 1, 5, 1.5], "texture": "#spot_glow"},
				"west": {"uv": [5.333, 0, 10.333, 0.25], "texture": "#spot_glow"},
				"up": {"uv": [5.333, 0, 10.333, 0.25], "texture": "#spot_glow"},
				"down": {"uv": [0, 0, 0, 0], "texture": "#spot_glow"}
			}
		},
		{
			"from": [11.5, 13.5, 6.5],
			"to": [16, 14.75, 9.5],
			"rotation": {"angle": 0, "axis": "y", "origin": [8, 7.75, 8]},
			"faces": {
				"north": {"uv": [3.5, 0.5, 5, 1], "rotation": 180, "texture": "#spot_glow"},
				"east": {"uv": [4.5, 0.5, 5, 1], "texture": "#spot_glow", "cullface": "east"},
				"south": {"uv": [3.5, 0.5, 5, 1], "texture": "#spot_glow"},
				"west": {"uv": [5.333, 0, 10.333, 0.25], "texture": "#spot_glow"},
				"up": {"uv": [5.333, 0, 10.333, 0.25], "texture": "#spot_glow"},
				"down": {"uv": [0, 0, 0, 0], "texture": "#spot_glow"}
			}
		},
		{
			"from": [14.5, 14.75, 6.5],
			"to": [16, 16, 9.5],
			"rotation": {"angle": 0, "axis": "y", "origin": [8, 7.75, 8]},
			"faces": {
				"north": {"uv": [4.5, 0, 5, 0.5], "rotation": 180, "texture": "#spot_glow"},
				"east": {"uv": [4.5, 0, 5, 0.5], "texture": "#spot_glow", "cullface": "east"},
				"south": {"uv": [4.5, 0, 5, 0.5], "texture": "#spot_glow"},
				"west": {"uv": [5.333, 0, 10.333, 0.25], "texture": "#spot_glow"},
				"up": {"uv": [5.333, 0, 10.333, 0.25], "texture": "#spot_glow", "cullface": "up"},
				"down": {"uv": [0, 0, 0, 0], "texture": "#spot_glow"}
			}
		}
	],
	"display": {
		"thirdperson_righthand": {
			"rotation": [45, 0, 0],
			"translation": [0, -0.25, -0.5],
			"scale": [0.35, 0.35, 0.35]
		},
		"thirdperson_lefthand": {
			"rotation": [45, 0, 0],
			"translation": [0, -0.25, -0.5],
			"scale": [0.35, 0.35, 0.35]
		},
		"firstperson_righthand": {
			"rotation": [0, 8, 0],
			"translation": [0, 0.25, -1],
			"scale": [0.35, 0.35, 0.35]
		},
		"firstperson_lefthand": {
			"rotation": [0, 8, 0],
			"translation": [0, 0.25, -1],
			"scale": [0.35, 0.35, 0.35]
		},
		"ground": {
			"scale": [0.1, 0.1, 0.1]
		},
		"gui": {
			"rotation": [17, -32, 0],
			"translation": [0, 0.25, -1],
			"scale": [0.35, 0.35, 0.35]
		},
		"head": {
			"translation": [0, 0, -3.25]
		},
		"fixed": {
			"scale": [0.35, 0.35, 0.35]
		}
	},
	"groups": [
		{
			"name": "spot_top_left",
			"origin": [8, 8, 8],
			"color": 0,
			"children": [0, 1, 2, 3, 4, 5, 6, 7, 8, 9]
		},
		{
			"name": "spot_top_left_glow",
			"origin": [8, 8, 8],
			"color": 0,
			"children": [10, 11, 12, 13, 14, 15, 16, 17, 18, 19]
		}
	]
}