{
	"credit": "Made with Blockbench",
    "render_type": "cutout",
	"textures": {
		"particle": "pokecube_legends:block/raid_spot_spawner_rare",
		"raid_spot": "pokecube_legends:block/raid_spot_spawner_rare",
		"raid_spot_glow": "pokecube_legends:block/raid_spot_spawner_rare_glow",
		"base": "block/polished_diorite"
	},
	"elements": [
		{
			"name": "base",
			"from": [2, 0, 2],
			"to": [14, 3, 14],
			"rotation": {"angle": 0, "axis": "y", "origin": [10, 8, 10]},
			"faces": {
				"north": {"uv": [2, 13, 14, 16], "texture": "#base"},
				"east": {"uv": [2, 13, 14, 16], "texture": "#base"},
				"south": {"uv": [2, 13, 14, 16], "texture": "#base"},
				"west": {"uv": [2, 13, 14, 16], "texture": "#base"},
				"up": {"uv": [2, 2, 14, 14], "texture": "#base"},
				"down": {"uv": [2, 2, 14, 14], "texture": "#base", "cullface": "down"}
			}
		},
		{
			"name": "raid_spot",
			"from": [3, 3, 3],
			"to": [13, 9, 13],
			"rotation": {"angle": 0, "axis": "y", "origin": [11, 8, 11]},
			"faces": {
				"north": {"uv": [3, 10, 13, 16], "texture": "#raid_spot"},
				"east": {"uv": [3, 10, 13, 16], "texture": "#raid_spot"},
				"south": {"uv": [3, 10, 13, 16], "texture": "#raid_spot"},
				"west": {"uv": [3, 10, 13, 16], "texture": "#raid_spot"},
				"up": {"uv": [3, 0, 13, 10], "texture": "#raid_spot"}
			}
		},
		{
			"name": "raid_spot",
			"from": [3, 3, 3],
			"to": [13, 9, 13],
			"rotation": {"angle": 0, "axis": "y", "origin": [11, 8, 11]},
			"faces": {
				"north": {"uv": [3, 10, 13, 16], "texture": "#raid_spot_glow"},
				"east": {"uv": [3, 10, 13, 16], "texture": "#raid_spot_glow"},
				"south": {"uv": [3, 10, 13, 16], "texture": "#raid_spot_glow"},
				"west": {"uv": [3, 10, 13, 16], "texture": "#raid_spot_glow"},
				"up": {"uv": [3, 0, 13, 10], "texture": "#raid_spot_glow"}
			}
		}
	],
	"display": {
		"thirdperson_righthand": {
			"rotation": [75, 45, 0],
			"translation": [0, 2.5, 1.75],
			"scale": [0.375, 0.375, 0.375]
		},
		"thirdperson_lefthand": {
			"rotation": [75, 45, 0],
			"translation": [0, 2.5, 1.75],
			"scale": [0.375, 0.375, 0.375]
		},
		"firstperson_righthand": {
			"rotation": [0, 45, 0],
			"translation": [0, 2.25, 0],
			"scale": [0.4, 0.4, 0.4]
		},
		"firstperson_lefthand": {
			"rotation": [0, 45, 0],
			"translation": [0, 2.25, 0],
			"scale": [0.4, 0.4, 0.4]
		},
		"ground": {
			"translation": [0, 3, 0],
			"scale": [0.25, 0.25, 0.25]
		},
		"gui": {
			"rotation": [30, 225, 0],
			"scale": [0.625, 0.625, 0.625]
		},
		"head": {
			"rotation": [0, 180, 0],
			"translation": [0, 14.4, 0]
		},
		"fixed": {
			"translation": [0, 1.5, 0],
			"scale": [0.62, 0.62, 0.62]
		}
	}
}