{
	"credit": "Made with Blockbench",
    "render_type": "translucent",
	"textures": {
		"particle": "pokecube_adventures:block/splicer_side",
		"side": "pokecube_adventures:block/splicer_side",
		"side_overlay": "pokecube_adventures:block/splicer_side_glow",
		"front": "pokecube_adventures:block/splicer_front",
		"front_glow": "pokecube_adventures:block/splicer_front_glow",
		"top": "pokecube_adventures:block/splicer_top",
		"details": "pokecube_adventures:block/splicer_details"
	},
	"elements": [
		{
			"name": "main",
			"from": [0, 0, 0],
			"to": [13, 10, 16],
			"faces": {
				"north": {"uv": [0, 6, 13, 16], "texture": "#side", "cullface": "north"},
				"east": {"uv": [0, 6, 16, 16], "texture": "#front"},
				"south": {"uv": [0, 6, 13, 16], "texture": "#side", "cullface": "south"},
				"west": {"uv": [0, 6, 16, 16], "texture": "#front", "cullface": "west"},
				"up": {"uv": [16, 13, 0, 0], "rotation": 90, "texture": "#top"},
				"down": {"uv": [16, 13, 0, 0], "rotation": 90, "texture": "#top", "cullface": "down"}
			}
		},
		{
			"name": "main_glow",
			"from": [0, 0, 0],
			"to": [13, 10, 16],
			"faces": {
				"north": {"uv": [0, 6, 13, 16], "texture": "#side_overlay", "cullface": "north"},
				"south": {"uv": [0, 6, 13, 16], "texture": "#side_overlay", "cullface": "south"}
			}
		},
		{
			"name": "box",
			"from": [0, 10, 0],
			"to": [5, 16, 8],
			"faces": {
				"north": {"uv": [0, 0, 5, 6], "texture": "#side", "cullface": "north"},
				"east": {"uv": [0, 0, 8, 6], "texture": "#front"},
				"south": {"uv": [0, 0, 5, 6], "texture": "#side"},
				"west": {"uv": [0, 0, 8, 6], "texture": "#front", "cullface": "west"},
				"up": {"uv": [13, 6, 5, 1], "rotation": 90, "texture": "#side", "cullface": "up"}
			}
		},
		{
			"name": "microscope",
			"from": [1, 10, 10],
			"to": [5, 12, 14],
			"rotation": {"angle": 0, "axis": "y", "origin": [6, 8, 8]},
			"faces": {
				"north": {"uv": [14, 11, 10, 9], "rotation": 180, "texture": "#details"},
				"east": {"uv": [14, 11, 10, 9], "rotation": 180, "texture": "#details"},
				"south": {"uv": [14, 11, 10, 9], "rotation": 180, "texture": "#details"},
				"west": {"uv": [14, 11, 10, 9], "rotation": 180, "texture": "#details"},
				"up": {"uv": [14, 10, 10, 6], "rotation": 270, "texture": "#details"}
			}
		},
		{
			"name": "microscope",
			"from": [8, 10, 10],
			"to": [12, 11, 14],
			"rotation": {"angle": 0, "axis": "y", "origin": [7, 8, 8]},
			"faces": {
				"north": {"uv": [11, 10, 10, 6], "rotation": 90, "texture": "#details"},
				"east": {"uv": [14, 10, 10, 9], "texture": "#details"},
				"south": {"uv": [14, 10, 13, 6], "rotation": 270, "texture": "#details"},
				"west": {"uv": [14, 7, 10, 6], "rotation": 180, "texture": "#details"},
				"up": {"uv": [14, 10, 10, 6], "rotation": 270, "texture": "#details"}
			}
		},
		{
			"name": "microscope",
			"from": [2, 12, 11],
			"to": [4, 16, 13],
			"rotation": {"angle": 0, "axis": "z", "origin": [6, 9, 8]},
			"faces": {
				"north": {"uv": [14, 0, 16, 4], "texture": "#details"},
				"east": {"uv": [14, 0, 16, 4], "texture": "#details"},
				"south": {"uv": [14, 0, 16, 4], "texture": "#details"},
				"west": {"uv": [14, 0, 16, 4], "texture": "#details"},
				"up": {"uv": [14, 0, 16, 2], "rotation": 270, "texture": "#details", "cullface": "up"}
			}
		},
		{
			"name": "microscope",
			"from": [3, 13.5, 10],
			"to": [10, 15.5, 14],
			"rotation": {"angle": 0, "axis": "y", "origin": [6, 8, 8]},
			"faces": {
				"north": {"uv": [7, 2, 14, 4], "texture": "#details"},
				"east": {"uv": [7, 2, 11, 4], "texture": "#details"},
				"south": {"uv": [7, 2, 14, 4], "texture": "#details"},
				"west": {"uv": [7, 2, 11, 4], "texture": "#details"},
				"up": {"uv": [14, 4, 7, 0], "texture": "#details"},
				"down": {"uv": [14, 4, 7, 0], "rotation": 180, "texture": "#details"}
			}
		},
		{
			"name": "microscope",
			"from": [9, 12, 11],
			"to": [11, 16, 13],
			"rotation": {"angle": 0, "axis": "z", "origin": [7, 8, 8]},
			"faces": {
				"north": {"uv": [14, 0, 16, 4], "texture": "#details"},
				"east": {"uv": [14, 0, 16, 4], "texture": "#details"},
				"south": {"uv": [14, 0, 16, 4], "texture": "#details"},
				"west": {"uv": [14, 0, 16, 4], "texture": "#details"},
				"up": {"uv": [14, 0, 16, 2], "rotation": 270, "texture": "#details", "cullface": "up"},
				"down": {"uv": [11, 4, 13, 6], "rotation": 90, "texture": "#details"}
			}
		},
		{
			"name": "screen",
			"from": [12, 10, 1],
			"to": [13, 15, 7],
			"rotation": {"angle": 0, "axis": "y", "origin": [7, 8, 8]},
			"faces": {
				"north": {"uv": [14, 1, 15, 6], "texture": "#front"},
				"east": {"uv": [8, 1, 14, 6], "texture": "#front"},
				"south": {"uv": [14, 1, 15, 6], "texture": "#front"},
				"west": {"uv": [0, 8, 6, 13], "texture": "#details"},
				"up": {"uv": [8, 0, 14, 1], "rotation": 270, "texture": "#front"}
			}
		},
		{
			"name": "screen_glow",
			"from": [12.01, 10, 1],
			"to": [13.01, 15, 7],
			"rotation": {"angle": 0, "axis": "z", "origin": [7, 8, 8]},
			"faces": {
				"east": {"uv": [8, 1, 14, 6], "texture": "#front_glow"}
			}
		},
		{
			"name": "tray",
			"from": [5, 10, 0],
			"to": [12, 11, 8],
			"faces": {
				"north": {"uv": [0, 7, 7, 8], "texture": "#details", "cullface": "north"},
				"east": {"uv": [0, 0, 1, 8], "rotation": 90, "texture": "#details"},
				"south": {"uv": [0, 0, 7, 1], "rotation": 180, "texture": "#details"},
				"up": {"uv": [7, 8, 0, 0], "texture": "#details"}
			}
		},
		{
			"name": "test_tube",
			"from": [6, 11, 5],
			"to": [7, 15, 6],
			"faces": {
				"north": {"uv": [9, 7, 10, 11], "texture": "#details"},
				"east": {"uv": [9, 7, 10, 11], "texture": "#details"},
				"south": {"uv": [9, 7, 10, 11], "texture": "#details"},
				"west": {"uv": [9, 7, 10, 11], "texture": "#details"},
				"up": {"uv": [9, 6, 10, 7], "rotation": 270, "texture": "#details"}
			}
		},
		{
			"name": "test_tube",
			"from": [8, 11, 6],
			"to": [9, 15, 7],
			"faces": {
				"north": {"uv": [8, 7, 9, 11], "texture": "#details"},
				"east": {"uv": [8, 7, 9, 11], "texture": "#details"},
				"south": {"uv": [8, 7, 9, 11], "texture": "#details"},
				"west": {"uv": [8, 7, 9, 11], "texture": "#details"},
				"up": {"uv": [8, 6, 9, 7], "rotation": 270, "texture": "#details"}
			}
		},
		{
			"name": "test_tube",
			"from": [10, 11, 5],
			"to": [11, 15, 6],
			"faces": {
				"north": {"uv": [7, 7, 8, 11], "texture": "#details"},
				"east": {"uv": [7, 7, 8, 11], "texture": "#details"},
				"south": {"uv": [7, 7, 8, 11], "texture": "#details"},
				"west": {"uv": [7, 7, 8, 11], "texture": "#details"},
				"up": {"uv": [7, 6, 8, 7], "rotation": 270, "texture": "#details"}
			}
		},
		{
			"name": "test_tube",
			"from": [8, 11, 1],
			"to": [9, 15, 2],
			"faces": {
				"north": {"uv": [6, 9, 7, 13], "texture": "#details"},
				"east": {"uv": [6, 9, 7, 13], "texture": "#details"},
				"south": {"uv": [6, 9, 7, 13], "texture": "#details"},
				"west": {"uv": [6, 9, 7, 13], "texture": "#details"},
				"up": {"uv": [7, 9, 6, 8], "texture": "#details"}
			}
		}
	],
	"display": {
		"thirdperson_righthand": {
			"rotation": [75, 45, 0],
			"translation": [0, 2.5, 0],
			"scale": [0.375, 0.375, 0.375]
		},
		"thirdperson_lefthand": {
			"rotation": [75, 45, 0],
			"translation": [0, 2.5, 0],
			"scale": [0.375, 0.375, 0.375]
		},
		"firstperson_righthand": {
			"rotation": [0, -135, 0],
			"translation": [0, 2, 0],
			"scale": [0.4, 0.4, 0.4]
		},
		"firstperson_lefthand": {
			"rotation": [0, 45, 0],
			"translation": [0, 2, 0],
			"scale": [0.4, 0.4, 0.4]
		},
		"ground": {
			"translation": [0, 3, 0],
			"scale": [0.25, 0.25, 0.25]
		},
		"gui": {
			"rotation": [30, 225, 0],
			"translation": [-0.75, 0.5, 0],
			"scale": [0.625, 0.625, 0.625]
		},
		"head": {
			"rotation": [0, 90, 0],
			"translation": [0, 5, -2.5]
		},
		"fixed": {
			"rotation": [0, 90, 0],
			"translation": [0, 0, -0.75],
			"scale": [0.5, 0.5, 0.5]
		}
	},
	"groups": [
		0,
		1,
		{
			"name": "details",
			"origin": [8, 8, 8],
			"color": 0,
			"children": [2, 3, 4, 5, 6, 7, 8, 9, 10, 11, 12, 13, 14]
		}
	]
}