{
	"credit": "Made with Blockbench",
    "render_type": "cutout",
	"textures": {
		"particle": "pokecube_legends:block/portal_off",
		"spot": "pokecube_legends:block/portal_off",
		"spot_glow": "pokecube_legends:block/portal_off_glow"
	},
	"elements": [
		{
			"from": [0, 7.5, 6.5],
			"to": [3, 9, 9.5],
			"rotation": {"angle": 0, "axis": "y", "origin": [8, 6.25, 8]},
			"faces": {
				"north": {"uv": [5, 2.5, 6, 3], "rotation": 180, "texture": "#spot"},
				"east": {"uv": [5.5, 2.5, 6, 3], "texture": "#spot"},
				"south": {"uv": [5, 2.5, 6, 3], "texture": "#spot"},
				"west": {"uv": [5, 2.5, 5.5, 3], "texture": "#spot", "cullface": "west"},
				"down": {"uv": [5, 2.5, 6, 3], "texture": "#spot"}
			}
		},
		{
			"from": [13, 7.5, 6.5],
			"to": [16, 9, 9.5],
			"rotation": {"angle": 0, "axis": "y", "origin": [8, 6.25, 8]},
			"faces": {
				"north": {"uv": [9.5, 2.5, 10.5, 3], "rotation": 180, "texture": "#spot"},
				"east": {"uv": [10, 2.5, 10.5, 3], "texture": "#spot", "cullface": "east"},
				"south": {"uv": [9.5, 2.5, 10.5, 3], "texture": "#spot"},
				"west": {"uv": [9.5, 2.5, 10, 3], "texture": "#spot"},
				"down": {"uv": [9.5, 2.5, 10.5, 3], "texture": "#spot"}
			}
		},
		{
			"from": [0, 9, 6.5],
			"to": [16, 10.5, 9.5],
			"rotation": {"angle": 0, "axis": "y", "origin": [8, 6.25, 8]},
			"faces": {
				"north": {"uv": [5, 2, 10.5, 2.5], "rotation": 180, "texture": "#spot"},
				"east": {"uv": [10, 2, 10.5, 2.5], "texture": "#spot", "cullface": "east"},
				"south": {"uv": [5, 2, 10.5, 2.5], "texture": "#spot"},
				"west": {"uv": [5, 2, 5.5, 2.5], "texture": "#spot", "cullface": "west"},
				"down": {"uv": [5, 2, 10.5, 2.5], "texture": "#spot"}
			}
		},
		{
			"from": [0, 10.5, 6.5],
			"to": [16, 12, 9.5],
			"rotation": {"angle": 0, "axis": "y", "origin": [8, 6.25, 8]},
			"faces": {
				"north": {"uv": [5, 1.5, 10.5, 2], "rotation": 180, "texture": "#spot"},
				"east": {"uv": [10, 1.5, 10.5, 2], "texture": "#spot", "cullface": "east"},
				"south": {"uv": [5, 1.5, 10.5, 2], "texture": "#spot"},
				"west": {"uv": [5, 1.5, 5.5, 2], "texture": "#spot", "cullface": "west"}
			}
		},
		{
			"from": [0, 12, 6.5],
			"to": [16, 13.5, 9.5],
			"rotation": {"angle": 0, "axis": "y", "origin": [8, 6.25, 8]},
			"faces": {
				"north": {"uv": [5, 1, 10.5, 1.5], "rotation": 180, "texture": "#spot"},
				"east": {"uv": [10, 1, 10.5, 1.5], "texture": "#spot", "cullface": "east"},
				"south": {"uv": [5, 1, 10.5, 1.5], "texture": "#spot"},
				"west": {"uv": [5, 1, 5.5, 1.5], "texture": "#spot", "cullface": "west"}
			}
		},
		{
			"from": [0, 13.5, 6.5],
			"to": [16, 14.75, 9.5],
			"rotation": {"angle": 0, "axis": "y", "origin": [8, 6.25, 8]},
			"faces": {
				"north": {"uv": [5, 0.5, 10.5, 1], "rotation": 180, "texture": "#spot"},
				"east": {"uv": [10, 0.5, 10.5, 1], "texture": "#spot", "cullface": "east"},
				"south": {"uv": [5, 0.5, 10.5, 1], "texture": "#spot"},
				"west": {"uv": [5, 0.5, 5.5, 1], "texture": "#spot", "cullface": "west"}
			}
		},
		{
			"from": [0, 14.75, 6.5],
			"to": [16, 16, 9.5],
			"rotation": {"angle": 0, "axis": "y", "origin": [8, 6.25, 8]},
			"faces": {
				"north": {"uv": [5, 0, 10.5, 0.5], "rotation": 180, "texture": "#spot"},
				"east": {"uv": [10, 0, 10.5, 0.5], "texture": "#spot", "cullface": "east"},
				"south": {"uv": [5, 0, 10.5, 0.5], "texture": "#spot"},
				"west": {"uv": [5, 0, 5.5, 0.5], "texture": "#spot", "cullface": "west"},
				"up": {"uv": [5, 0, 10.5, 0.25], "texture": "#spot", "cullface": "up"}
			}
		},
		{
			"from": [0, 7.5, 6.5],
			"to": [3, 9, 9.5],
			"rotation": {"angle": 0, "axis": "y", "origin": [8, 6.25, 8]},
			"faces": {
				"north": {"uv": [5, 2.5, 6, 3], "rotation": 180, "texture": "#spot_glow"},
				"east": {"uv": [5.5, 2.5, 6, 3], "texture": "#spot_glow"},
				"south": {"uv": [5, 2.5, 6, 3], "texture": "#spot_glow"},
				"west": {"uv": [5, 2.5, 5.5, 3], "texture": "#spot_glow", "cullface": "west"},
				"up": {"uv": [0, 0, 0, 0], "texture": "#spot_glow"},
				"down": {"uv": [5, 2.5, 6, 3], "texture": "#spot_glow"}
			}
		},
		{
			"from": [13, 7.5, 6.5],
			"to": [16, 9, 9.5],
			"rotation": {"angle": 0, "axis": "y", "origin": [8, 6.25, 8]},
			"faces": {
				"north": {"uv": [9.5, 2.5, 10.5, 3], "rotation": 180, "texture": "#spot_glow"},
				"east": {"uv": [10, 2.5, 10.5, 3], "texture": "#spot_glow", "cullface": "east"},
				"south": {"uv": [9.5, 2.5, 10.5, 3], "texture": "#spot_glow"},
				"west": {"uv": [9.5, 2.5, 10, 3], "texture": "#spot_glow"},
				"up": {"uv": [0, 0, 0, 0], "texture": "#spot_glow"},
				"down": {"uv": [9.5, 2.5, 10.5, 3], "texture": "#spot_glow"}
			}
		},
		{
			"from": [0, 9, 6.5],
			"to": [16, 10.5, 9.5],
			"rotation": {"angle": 0, "axis": "y", "origin": [8, 6.25, 8]},
			"faces": {
				"north": {"uv": [5, 2, 10.5, 2.5], "rotation": 180, "texture": "#spot_glow"},
				"east": {"uv": [10, 2, 10.5, 2.5], "texture": "#spot_glow", "cullface": "east"},
				"south": {"uv": [5, 2, 10.5, 2.5], "texture": "#spot_glow"},
				"west": {"uv": [5, 2, 5.5, 2.5], "texture": "#spot_glow", "cullface": "west"},
				"up": {"uv": [0, 0, 0, 0], "texture": "#spot_glow"},
				"down": {"uv": [5, 2, 10.5, 2.5], "texture": "#spot_glow"}
			}
		},
		{
			"from": [0, 10.5, 6.5],
			"to": [16, 12, 9.5],
			"rotation": {"angle": 0, "axis": "y", "origin": [8, 6.25, 8]},
			"faces": {
				"north": {"uv": [5, 1.5, 10.5, 2], "rotation": 180, "texture": "#spot_glow"},
				"east": {"uv": [10, 1.5, 10.5, 2], "texture": "#spot_glow", "cullface": "east"},
				"south": {"uv": [5, 1.5, 10.5, 2], "texture": "#spot_glow"},
				"west": {"uv": [5, 1.5, 5.5, 2], "texture": "#spot_glow", "cullface": "west"},
				"up": {"uv": [0, 0, 0, 0], "texture": "#spot_glow"},
				"down": {"uv": [0, 0, 0, 0], "texture": "#spot_glow"}
			}
		},
		{
			"from": [0, 12, 6.5],
			"to": [16, 13.5, 9.5],
			"rotation": {"angle": 0, "axis": "y", "origin": [8, 6.25, 8]},
			"faces": {
				"north": {"uv": [5, 1, 10.5, 1.5], "rotation": 180, "texture": "#spot_glow"},
				"east": {"uv": [10, 1, 10.5, 1.5], "texture": "#spot_glow", "cullface": "east"},
				"south": {"uv": [5, 1, 10.5, 1.5], "texture": "#spot_glow"},
				"west": {"uv": [5, 1, 5.5, 1.5], "texture": "#spot_glow", "cullface": "west"},
				"up": {"uv": [0, 0, 0, 0], "texture": "#spot_glow"},
				"down": {"uv": [0, 0, 0, 0], "texture": "#spot_glow"}
			}
		},
		{
			"from": [0, 13.5, 6.5],
			"to": [16, 14.75, 9.5],
			"rotation": {"angle": 0, "axis": "y", "origin": [8, 6.25, 8]},
			"faces": {
				"north": {"uv": [5, 0.5, 10.5, 1], "rotation": 180, "texture": "#spot_glow"},
				"east": {"uv": [10, 0.5, 10.5, 1], "texture": "#spot_glow", "cullface": "east"},
				"south": {"uv": [5, 0.5, 10.5, 1], "texture": "#spot_glow"},
				"west": {"uv": [5, 0.5, 5.5, 1], "texture": "#spot_glow", "cullface": "west"},
				"up": {"uv": [0, 0, 0, 0], "texture": "#spot_glow"},
				"down": {"uv": [0, 0, 0, 0], "texture": "#spot_glow"}
			}
		},
		{
			"from": [0, 14.75, 6.5],
			"to": [16, 16, 9.5],
			"rotation": {"angle": 0, "axis": "y", "origin": [8, 6.25, 8]},
			"faces": {
				"north": {"uv": [5, 0, 10.5, 0.5], "rotation": 180, "texture": "#spot_glow"},
				"east": {"uv": [10, 0, 10.5, 0.5], "texture": "#spot_glow", "cullface": "east"},
				"south": {"uv": [5, 0, 10.5, 0.5], "texture": "#spot_glow"},
				"west": {"uv": [5, 0, 5.5, 0.5], "texture": "#spot_glow", "cullface": "west"},
				"up": {"uv": [5, 0, 10.5, 0.25], "texture": "#spot_glow", "cullface": "up"},
				"down": {"uv": [0, 0, 0, 0], "texture": "#spot_glow"}
			}
		}
	],
	"display": {
		"thirdperson_righthand": {
			"rotation": [45, 0, 0],
			"translation": [0, -0.25, -0.5],
			"scale": [0.35, 0.35, 0.35]
		},
		"thirdperson_lefthand": {
			"rotation": [45, 0, 0],
			"translation": [0, -0.25, -0.5],
			"scale": [0.35, 0.35, 0.35]
		},
		"firstperson_righthand": {
			"rotation": [0, 8, 0],
			"translation": [0, 0.25, -1],
			"scale": [0.35, 0.35, 0.35]
		},
		"firstperson_lefthand": {
			"rotation": [0, 8, 0],
			"translation": [0, 0.25, -1],
			"scale": [0.35, 0.35, 0.35]
		},
		"ground": {
			"scale": [0.1, 0.1, 0.1]
		},
		"gui": {
			"rotation": [17, -32, 0],
			"translation": [0, 0.25, -1],
			"scale": [0.35, 0.35, 0.35]
		},
		"head": {
			"translation": [0, 0, -3.25]
		},
		"fixed": {
			"scale": [0.35, 0.35, 0.35]
		}
	},
	"groups": [
		{
			"name": "spot_top",
			"origin": [8, 8, 8],
			"color": 0,
			"children": [0, 1, 2, 3, 4, 5, 6]
		},
		{
			"name": "spot_top_glow",
			"origin": [8, 8, 8],
			"color": 0,
			"children": [7, 8, 9, 10, 11, 12, 13]
		}
	]
}