{
	"credit": "Made with Blockbench",
    "render_type": "cutout",
	"textures": {
		"particle": "pokecube_legends:block/portal_off",
		"spot": "pokecube_legends:block/portal_off"
	},
	"elements": [
		{
			"from": [0, 0, 6.5],
			"to": [16, 16, 9.5],
			"faces": {
				"north": {"uv": [5.333, 5.866, 10.664, 10.095], "texture": "#spot"},
				"east": {"uv": [5.333, 5.866, 10.664, 10.095], "texture": "#spot"},
				"south": {"uv": [5.333, 5.866, 10.664, 10.095], "texture": "#spot"},
				"west": {"uv": [5.333, 5.866, 10.664, 10.095], "texture": "#spot"},
				"up": {"uv": [5.333, 5.866, 10.664, 10.095], "texture": "#spot"},
				"down": {"uv": [5.333, 5.866, 10.664, 10.095], "texture": "#spot"}
			}
		}
	],
	"display": {
		"thirdperson_righthand": {
			"rotation": [45, 0, 0],
			"translation": [0, -0.25, -0.5],
			"scale": [0.35, 0.35, 0.35]
		},
		"thirdperson_lefthand": {
			"rotation": [45, 0, 0],
			"translation": [0, -0.25, -0.5],
			"scale": [0.35, 0.35, 0.35]
		},
		"firstperson_righthand": {
			"rotation": [0, 8, 0],
			"translation": [0, 0.25, -1],
			"scale": [0.35, 0.35, 0.35]
		},
		"firstperson_lefthand": {
			"rotation": [0, 8, 0],
			"translation": [0, 0.25, -1],
			"scale": [0.35, 0.35, 0.35]
		},
		"ground": {
			"scale": [0.1, 0.1, 0.1]
		},
		"gui": {
			"rotation": [17, -32, 0],
			"translation": [0, 0.25, -1],
			"scale": [0.35, 0.35, 0.35]
		},
		"head": {
			"translation": [0, 0, -3.25]
		},
		"fixed": {
			"scale": [0.35, 0.35, 0.35]
		}
	},
	"groups": [
		{
			"name": "spot_middle",
			"origin": [8, 8, 8],
			"color": 0,
			"children": [0]
		}
	]
}