{
	"credit": "Made with Blockbench",
    "render_type": "cutout",
	"textures": {
		"particle": "pokecube_legends:block/portal_off",
		"spot": "pokecube_legends:block/portal_off",
		"spot_glow": "pokecube_legends:block/portal_off_glow"
	},
	"elements": [
		{
			"from": [4.5, 1.5, 6.5],
			"to": [14.5, 4.5, 9.5],
			"rotation": {"angle": 0, "axis": "y", "origin": [8, 7.25, 8]},
			"faces": {
				"north": {"uv": [15.5, 4, 12, 5], "texture": "#spot"},
				"east": {"uv": [5.333, 0, 10.333, 0.25], "texture": "#spot"},
				"south": {"uv": [12, 4, 15.5, 5], "texture": "#spot"},
				"west": {"uv": [12, 4, 12.5, 5], "texture": "#spot"},
				"up": {"uv": [5.333, 0, 10.333, 0.25], "texture": "#spot"},
				"down": {"uv": [12, 4.5, 15.5, 5], "texture": "#spot"}
			}
		},
		{
			"from": [6, 0, 6.5],
			"to": [14.5, 1.5, 9.5],
			"rotation": {"angle": 0, "axis": "y", "origin": [8, 7.25, 8]},
			"faces": {
				"north": {"uv": [12.5, 5, 15.5, 5.5], "rotation": 180, "texture": "#spot"},
				"east": {"uv": [5.333, 0, 10.333, 0.25], "texture": "#spot"},
				"south": {"uv": [12.5, 5, 15.5, 5.5], "texture": "#spot"},
				"west": {"uv": [12.5, 5, 13, 5.5], "texture": "#spot"},
				"down": {"uv": [12.5, 5, 15.5, 5.5], "texture": "#spot", "cullface": "down"}
			}
		},
		{
			"from": [0, 6, 6.5],
			"to": [13, 7.5, 9.5],
			"rotation": {"angle": 0, "axis": "y", "origin": [8, 8.75, 8]},
			"faces": {
				"north": {"uv": [10.5, 3, 15, 3.5], "rotation": 180, "texture": "#spot"},
				"east": {"uv": [5.333, 0, 10.333, 0.25], "texture": "#spot"},
				"south": {"uv": [10.5, 3, 15, 3.5], "texture": "#spot"},
				"west": {"uv": [10.5, 3, 11, 3.5], "texture": "#spot", "cullface": "west"},
				"up": {"uv": [5.333, 0, 10.333, 0.25], "texture": "#spot"},
				"down": {"uv": [10.5, 3, 15, 3.5], "texture": "#spot"}
			}
		},
		{
			"from": [3, 4.5, 6.5],
			"to": [13, 6, 9.5],
			"rotation": {"angle": 0, "axis": "y", "origin": [8, 8.75, 8]},
			"faces": {
				"north": {"uv": [11.5, 3.5, 15, 4], "rotation": 180, "texture": "#spot"},
				"east": {"uv": [5.333, 0, 10.333, 0.25], "texture": "#spot"},
				"south": {"uv": [11.5, 3.5, 15, 4], "texture": "#spot"},
				"west": {"uv": [11.5, 3.5, 12, 4], "texture": "#spot"},
				"down": {"uv": [11.5, 3.5, 15, 4], "texture": "#spot"}
			}
		},
		{
			"from": [0, 7.5, 6.5],
			"to": [11.5, 9, 9.5],
			"rotation": {"angle": 0, "axis": "y", "origin": [8, 7.75, 8]},
			"faces": {
				"north": {"uv": [10.5, 2.5, 14.5, 3], "rotation": 180, "texture": "#spot"},
				"east": {"uv": [5.333, 0, 10.333, 0.25], "texture": "#spot"},
				"south": {"uv": [10.5, 2.5, 14.5, 3], "texture": "#spot"},
				"west": {"uv": [10.5, 2.5, 11, 3], "texture": "#spot", "cullface": "west"},
				"up": {"uv": [5.333, 0, 10.333, 0.25], "texture": "#spot"}
			}
		},
		{
			"from": [0, 9, 6.5],
			"to": [10, 10.5, 9.5],
			"rotation": {"angle": 0, "axis": "y", "origin": [8, 7.75, 8]},
			"faces": {
				"north": {"uv": [10.5, 2, 14, 2.5], "rotation": 180, "texture": "#spot"},
				"east": {"uv": [5.333, 0, 10.333, 0.25], "texture": "#spot"},
				"south": {"uv": [10.5, 2, 14, 2.5], "texture": "#spot"},
				"west": {"uv": [10.5, 2, 11, 2.5], "texture": "#spot", "cullface": "west"},
				"up": {"uv": [5.333, 0, 10.333, 0.25], "texture": "#spot"}
			}
		},
		{
			"from": [0, 10.5, 6.5],
			"to": [8.5, 12, 9.5],
			"rotation": {"angle": 0, "axis": "y", "origin": [8, 7.75, 8]},
			"faces": {
				"north": {"uv": [10.5, 1.5, 13.5, 2], "rotation": 180, "texture": "#spot"},
				"east": {"uv": [5.333, 0, 10.333, 0.25], "texture": "#spot"},
				"south": {"uv": [10.5, 1.5, 13.5, 2], "texture": "#spot"},
				"west": {"uv": [10.5, 1.5, 11, 2], "texture": "#spot", "cullface": "west"},
				"up": {"uv": [5.333, 0, 10.333, 0.25], "texture": "#spot"}
			}
		},
		{
			"from": [0, 12, 6.5],
			"to": [7, 13.5, 9.5],
			"rotation": {"angle": 0, "axis": "y", "origin": [8, 7.75, 8]},
			"faces": {
				"north": {"uv": [10.5, 1, 13, 1.5], "rotation": 180, "texture": "#spot"},
				"east": {"uv": [5.333, 0, 10.333, 0.25], "texture": "#spot"},
				"south": {"uv": [10.5, 1, 13, 1.5], "texture": "#spot"},
				"west": {"uv": [10.5, 1, 11, 1.5], "texture": "#spot", "cullface": "west"},
				"up": {"uv": [5.333, 0, 10.333, 0.25], "texture": "#spot"}
			}
		},
		{
			"from": [0, 13.5, 6.5],
			"to": [4.25, 14.75, 9.5],
			"rotation": {"angle": 0, "axis": "y", "origin": [8, 7.75, 8]},
			"faces": {
				"north": {"uv": [10.5, 0.5, 12, 1], "rotation": 180, "texture": "#spot"},
				"east": {"uv": [5.333, 0, 10.333, 0.25], "texture": "#spot"},
				"south": {"uv": [10.5, 0.5, 12, 1], "texture": "#spot"},
				"west": {"uv": [10.5, 0.5, 11, 1], "texture": "#spot", "cullface": "west"},
				"up": {"uv": [5.333, 0, 10.333, 0.25], "texture": "#spot"}
			}
		},
		{
			"from": [0, 14.75, 6.5],
			"to": [1.5, 16, 9.5],
			"rotation": {"angle": 0, "axis": "y", "origin": [8, 7.75, 8]},
			"faces": {
				"north": {"uv": [5.333, 0, 10.333, 0.25], "rotation": 180, "texture": "#spot"},
				"east": {"uv": [5.333, 0, 10.333, 0.25], "texture": "#spot"},
				"south": {"uv": [5.333, 0, 10.333, 0.25], "rotation": 180, "texture": "#spot"},
				"west": {"uv": [10.5, 0, 11, 0.5], "texture": "#spot", "cullface": "west"},
				"up": {"uv": [5.333, 0, 10.333, 0.25], "texture": "#spot", "cullface": "up"}
			}
		},
		{
			"from": [4.5, 1.5, 6.5],
			"to": [14.5, 4.5, 9.5],
			"rotation": {"angle": 0, "axis": "y", "origin": [8, 7.25, 8]},
			"faces": {
				"north": {"uv": [15.5, 4, 12, 5], "texture": "#spot_glow"},
				"east": {"uv": [5.333, 0, 10.333, 0.25], "texture": "#spot_glow"},
				"south": {"uv": [12, 4, 15.5, 5], "texture": "#spot_glow"},
				"west": {"uv": [12, 4, 12.5, 5], "texture": "#spot_glow"},
				"up": {"uv": [5.333, 0, 10.333, 0.25], "texture": "#spot_glow"},
				"down": {"uv": [12, 4.5, 15.5, 5], "texture": "#spot_glow"}
			}
		},
		{
			"from": [6, 0, 6.5],
			"to": [14.5, 1.5, 9.5],
			"rotation": {"angle": 0, "axis": "y", "origin": [8, 7.25, 8]},
			"faces": {
				"north": {"uv": [12.5, 5, 15.5, 5.5], "rotation": 180, "texture": "#spot_glow"},
				"east": {"uv": [5.333, 0, 10.333, 0.25], "texture": "#spot_glow"},
				"south": {"uv": [12.5, 5, 15.5, 5.5], "texture": "#spot_glow"},
				"west": {"uv": [12.5, 5, 13, 5.5], "texture": "#spot_glow"},
				"up": {"uv": [0, 0, 0, 0], "texture": "#spot_glow"},
				"down": {"uv": [12.5, 5, 15.5, 5.5], "texture": "#spot_glow", "cullface": "down"}
			}
		},
		{
			"from": [0, 6, 6.5],
			"to": [13, 7.5, 9.5],
			"rotation": {"angle": 0, "axis": "y", "origin": [8, 8.75, 8]},
			"faces": {
				"north": {"uv": [10.5, 3, 15, 3.5], "rotation": 180, "texture": "#spot_glow"},
				"east": {"uv": [5.333, 0, 10.333, 0.25], "texture": "#spot_glow"},
				"south": {"uv": [10.5, 3, 15, 3.5], "texture": "#spot_glow"},
				"west": {"uv": [10.5, 3, 11, 3.5], "texture": "#spot_glow", "cullface": "west"},
				"up": {"uv": [5.333, 0, 10.333, 0.25], "texture": "#spot_glow"},
				"down": {"uv": [10.5, 3, 15, 3.5], "texture": "#spot_glow"}
			}
		},
		{
			"from": [3, 4.5, 6.5],
			"to": [13, 6, 9.5],
			"rotation": {"angle": 0, "axis": "y", "origin": [8, 8.75, 8]},
			"faces": {
				"north": {"uv": [11.5, 3.5, 15, 4], "rotation": 180, "texture": "#spot_glow"},
				"east": {"uv": [5.333, 0, 10.333, 0.25], "texture": "#spot_glow"},
				"south": {"uv": [11.5, 3.5, 15, 4], "texture": "#spot_glow"},
				"west": {"uv": [11.5, 3.5, 12, 4], "texture": "#spot_glow"},
				"up": {"uv": [0, 0, 0, 0], "texture": "#spot_glow"},
				"down": {"uv": [11.5, 3.5, 15, 4], "texture": "#spot_glow"}
			}
		},
		{
			"from": [0, 7.5, 6.5],
			"to": [11.5, 9, 9.5],
			"rotation": {"angle": 0, "axis": "y", "origin": [8, 7.75, 8]},
			"faces": {
				"north": {"uv": [10.5, 2.5, 14.5, 3], "rotation": 180, "texture": "#spot_glow"},
				"east": {"uv": [5.333, 0, 10.333, 0.25], "texture": "#spot_glow"},
				"south": {"uv": [10.5, 2.5, 14.5, 3], "texture": "#spot_glow"},
				"west": {"uv": [10.5, 2.5, 11, 3], "texture": "#spot_glow", "cullface": "west"},
				"up": {"uv": [5.333, 0, 10.333, 0.25], "texture": "#spot_glow"},
				"down": {"uv": [0, 0, 0, 0], "texture": "#spot_glow"}
			}
		},
		{
			"from": [0, 9, 6.5],
			"to": [10, 10.5, 9.5],
			"rotation": {"angle": 0, "axis": "y", "origin": [8, 7.75, 8]},
			"faces": {
				"north": {"uv": [10.5, 2, 14, 2.5], "rotation": 180, "texture": "#spot_glow"},
				"east": {"uv": [5.333, 0, 10.333, 0.25], "texture": "#spot_glow"},
				"south": {"uv": [10.5, 2, 14, 2.5], "texture": "#spot_glow"},
				"west": {"uv": [10.5, 2, 11, 2.5], "texture": "#spot_glow", "cullface": "west"},
				"up": {"uv": [5.333, 0, 10.333, 0.25], "texture": "#spot_glow"},
				"down": {"uv": [0, 0, 0, 0], "texture": "#spot_glow"}
			}
		},
		{
			"from": [0, 10.5, 6.5],
			"to": [8.5, 12, 9.5],
			"rotation": {"angle": 0, "axis": "y", "origin": [8, 7.75, 8]},
			"faces": {
				"north": {"uv": [10.5, 1.5, 13.5, 2], "rotation": 180, "texture": "#spot_glow"},
				"east": {"uv": [5.333, 0, 10.333, 0.25], "texture": "#spot_glow"},
				"south": {"uv": [10.5, 1.5, 13.5, 2], "texture": "#spot_glow"},
				"west": {"uv": [10.5, 1.5, 11, 2], "texture": "#spot_glow", "cullface": "west"},
				"up": {"uv": [5.333, 0, 10.333, 0.25], "texture": "#spot_glow"},
				"down": {"uv": [0, 0, 0, 0], "texture": "#spot_glow"}
			}
		},
		{
			"from": [0, 12, 6.5],
			"to": [7, 13.5, 9.5],
			"rotation": {"angle": 0, "axis": "y", "origin": [8, 7.75, 8]},
			"faces": {
				"north": {"uv": [10.5, 1, 13, 1.5], "rotation": 180, "texture": "#spot_glow"},
				"east": {"uv": [5.333, 0, 10.333, 0.25], "texture": "#spot_glow"},
				"south": {"uv": [10.5, 1, 13, 1.5], "texture": "#spot_glow"},
				"west": {"uv": [10.5, 1, 11, 1.5], "texture": "#spot_glow", "cullface": "west"},
				"up": {"uv": [5.333, 0, 10.333, 0.25], "texture": "#spot_glow"},
				"down": {"uv": [0, 0, 0, 0], "texture": "#spot_glow"}
			}
		},
		{
			"from": [0, 13.5, 6.5],
			"to": [4.25, 14.75, 9.5],
			"rotation": {"angle": 0, "axis": "y", "origin": [8, 7.75, 8]},
			"faces": {
				"north": {"uv": [10.5, 0.5, 12, 1], "rotation": 180, "texture": "#spot_glow"},
				"east": {"uv": [5.333, 0, 10.333, 0.25], "texture": "#spot_glow"},
				"south": {"uv": [10.5, 0.5, 12, 1], "texture": "#spot_glow"},
				"west": {"uv": [10.5, 0.5, 11, 1], "texture": "#spot_glow", "cullface": "west"},
				"up": {"uv": [5.333, 0, 10.333, 0.25], "texture": "#spot_glow"},
				"down": {"uv": [0, 0, 0, 0], "texture": "#spot_glow"}
			}
		},
		{
			"from": [0, 14.75, 6.5],
			"to": [1.5, 16, 9.5],
			"rotation": {"angle": 0, "axis": "y", "origin": [8, 7.75, 8]},
			"faces": {
				"north": {"uv": [5.333, 0, 10.333, 0.25], "rotation": 180, "texture": "#spot_glow"},
				"east": {"uv": [5.333, 0, 10.333, 0.25], "texture": "#spot_glow"},
				"south": {"uv": [5.333, 0, 10.333, 0.25], "rotation": 180, "texture": "#spot_glow"},
				"west": {"uv": [10.5, 0, 11, 0.5], "texture": "#spot_glow", "cullface": "west"},
				"up": {"uv": [5.333, 0, 10.333, 0.25], "texture": "#spot_glow", "cullface": "up"},
				"down": {"uv": [0, 0, 0, 0], "texture": "#spot_glow"}
			}
		}
	],
	"display": {
		"thirdperson_righthand": {
			"rotation": [45, 0, 0],
			"translation": [0, -0.25, -0.5],
			"scale": [0.35, 0.35, 0.35]
		},
		"thirdperson_lefthand": {
			"rotation": [45, 0, 0],
			"translation": [0, -0.25, -0.5],
			"scale": [0.35, 0.35, 0.35]
		},
		"firstperson_righthand": {
			"rotation": [0, 8, 0],
			"translation": [0, 0.25, -1],
			"scale": [0.35, 0.35, 0.35]
		},
		"firstperson_lefthand": {
			"rotation": [0, 8, 0],
			"translation": [0, 0.25, -1],
			"scale": [0.35, 0.35, 0.35]
		},
		"ground": {
			"scale": [0.1, 0.1, 0.1]
		},
		"gui": {
			"rotation": [17, -32, 0],
			"translation": [0, 0.25, -1],
			"scale": [0.35, 0.35, 0.35]
		},
		"head": {
			"translation": [0, 0, -3.25]
		},
		"fixed": {
			"scale": [0.35, 0.35, 0.35]
		}
	},
	"groups": [
		{
			"name": "spot_top_right",
			"origin": [8, 8, 8],
			"color": 0,
			"children": [0, 1, 2, 3, 4, 5, 6, 7, 8, 9]
		},
		{
			"name": "spot_top_right_glow",
			"origin": [8, 8, 8],
			"color": 0,
			"children": [10, 11, 12, 13, 14, 15, 16, 17, 18, 19]
		}
	]
}