{
	"credit": "Made with Blockbench",
	"ambientocclusion": false,
	"textures": {
		"particle": "block/smooth_stone",
		"slab": "block/smooth_stone",
		"top": "quark:block/randomizer_on_right",
		"top_overlay": "quark:block/randomizer_on_right_glow",
		"unlit": "block/redstone_torch_off",
		"lit": "block/redstone_torch",
		"lit_overlay": "block/redstone_torch_glow"
	},
	"elements": [
		{
			"from": [0, 0, 0],
			"to": [16, 2, 16],
			"faces": {
				"north": {"uv": [0, 14, 16, 16], "texture": "#slab", "cullface": "north"},
				"east": {"uv": [0, 14, 16, 16], "texture": "#slab", "cullface": "east"},
				"south": {"uv": [0, 14, 16, 16], "texture": "#slab", "cullface": "south"},
				"west": {"uv": [0, 14, 16, 16], "texture": "#slab", "cullface": "west"},
				"up": {"uv": [0, 0, 16, 16], "texture": "#top"},
				"down": {"uv": [0, 0, 16, 16], "texture": "#slab", "cullface": "down"}
			}
		},
		{
			"from": [7, 7, 12],
			"to": [9, 7, 14],
			"shade": false,
			"faces": {
				"up": {"uv": [7, 6, 9, 8], "texture": "#lit"}
			}
		},
		{
			"from": [7, 2, 11],
			"to": [9, 8, 15],
			"shade": false,
			"faces": {
				"east": {"uv": [6, 5, 10, 11], "texture": "#lit"},
				"west": {"uv": [6, 5, 10, 11], "texture": "#lit"}
			}
		},
		{
			"from": [6, 2, 12],
			"to": [10, 8, 14],
			"shade": false,
			"faces": {
				"north": {"uv": [6, 5, 10, 11], "texture": "#lit"},
				"south": {"uv": [6, 5, 10, 11], "texture": "#lit"}
			}
		},
		{
			"from": [12, 7, 7],
			"to": [14, 7, 9],
			"shade": false,
			"faces": {
				"up": {"uv": [7, 6, 9, 8], "texture": "#lit"}
			}
		},
		{
			"from": [11, 2, 7],
			"to": [15, 8, 9],
			"shade": false,
			"faces": {
				"north": {"uv": [6, 5, 10, 11], "texture": "#lit"},
				"south": {"uv": [6, 5, 10, 11], "texture": "#lit"}
			}
		},
		{
			"from": [12, 2, 6],
			"to": [14, 8, 10],
			"shade": false,
			"faces": {
				"east": {"uv": [6, 5, 10, 11], "texture": "#lit"},
				"west": {"uv": [6, 5, 10, 11], "texture": "#lit"}
			}
		},
		{
			"from": [2, 2, 7],
			"to": [4, 7, 9],
			"faces": {
				"north": {"uv": [7, 6, 9, 11], "texture": "#unlit"},
				"east": {"uv": [7, 6, 9, 11], "texture": "#unlit"},
				"south": {"uv": [7, 6, 9, 11], "texture": "#unlit"},
				"west": {"uv": [7, 6, 9, 11], "texture": "#unlit"},
				"up": {"uv": [7, 6, 9, 8], "texture": "#unlit"}
			}
		},
		{
			"from": [6, 2, 6],
			"to": [10, 4, 10],
			"faces": {
				"north": {"uv": [6, 6, 10, 8], "texture": "#top"},
				"east": {"uv": [6, 6, 10, 8], "texture": "#top"},
				"south": {"uv": [6, 6, 10, 8], "texture": "#top"},
				"west": {"uv": [6, 6, 10, 8], "texture": "#top"},
				"up": {"uv": [6, 6, 10, 10], "texture": "#top"}
			}
		},
		{
			"name": "torch_overlay",
			"from": [7, 2, 11],
			"to": [9, 8, 15],
			"shade": false,
			"faces": {
				"east": {"uv": [6, 5, 10, 11], "texture": "#lit_overlay"},
				"west": {"uv": [6, 5, 10, 11], "texture": "#lit_overlay"}
			}
		},
		{
			"name": "torch_overlay",
			"from": [6, 2, 12],
			"to": [10, 8, 14],
			"shade": false,
			"faces": {
				"north": {"uv": [6, 5, 10, 11], "texture": "#lit_overlay"},
				"south": {"uv": [6, 5, 10, 11], "texture": "#lit_overlay"}
			}
		},
		{
			"name": "torch_overlay",
			"from": [11, 2, 7],
			"to": [15, 8, 9],
			"shade": false,
			"faces": {
				"north": {"uv": [6, 5, 10, 11], "texture": "#lit_overlay"},
				"south": {"uv": [6, 5, 10, 11], "texture": "#lit_overlay"}
			}
		},
		{
			"name": "torch_overlay",
			"from": [12, 2, 6],
			"to": [14, 8, 10],
			"shade": false,
			"faces": {
				"east": {"uv": [6, 5, 10, 11], "texture": "#lit_overlay"},
				"west": {"uv": [6, 5, 10, 11], "texture": "#lit_overlay"}
			}
		},
		{
			"name": "light_overlay",
			"from": [6, 2, 6],
			"to": [10, 4, 10],
			"faces": {
				"north": {"uv": [6, 6, 10, 8], "texture": "#top_overlay"},
				"east": {"uv": [6, 6, 10, 8], "texture": "#top_overlay"},
				"south": {"uv": [6, 6, 10, 8], "texture": "#top_overlay"},
				"west": {"uv": [6, 6, 10, 8], "texture": "#top_overlay"},
				"up": {"uv": [6, 6, 10, 10], "texture": "#top_overlay"}
			}
		},
		{
			"name": "main_overlay",
			"from": [0, 0, 0],
			"to": [16, 2, 16],
			"faces": {
				"north": {"uv": [0, 14, 16, 16], "texture": "#top_overlay", "cullface": "north"},
				"east": {"uv": [0, 14, 16, 16], "texture": "#top_overlay", "cullface": "east"},
				"south": {"uv": [0, 14, 16, 16], "texture": "#top_overlay", "cullface": "south"},
				"west": {"uv": [0, 14, 16, 16], "texture": "#top_overlay", "cullface": "west"},
				"up": {"uv": [0, 0, 16, 16], "texture": "#top_overlay"},
				"down": {"uv": [0, 0, 16, 16], "texture": "#top_overlay", "cullface": "down"}
			}
		}
	],
	"groups": [
		0,
		1,
		2,
		3,
		4,
		5,
		6,
		7,
		8,
		{
			"name": "overlays",
			"origin": [8, 8, 8],
			"color": 0,
			"children": [9, 10, 11, 12, 13, 14]
		}
	]
}