{
	"credit": "Made with Blockbench",
    "render_type": "cutout",
	"textures": {
		"particle": "pokecube_legends:block/portal_off",
		"spot": "pokecube_legends:block/portal_off",
		"spot_glow": "pokecube_legends:block/portal_off_glow"
	},
	"elements": [
		{
			"from": [0, 0, 6.5],
			"to": [16, 1.5, 9.5],
			"faces": {
				"north": {"uv": [5, 15.5, 10.5, 16], "rotation": 180, "texture": "#spot"},
				"east": {"uv": [5, 0, 10.5, 0.25], "texture": "#spot", "cullface": "east"},
				"south": {"uv": [5, 15.5, 10.5, 16], "texture": "#spot"},
				"west": {"uv": [5, 0, 10.5, 0.25], "texture": "#spot", "cullface": "west"},
				"down": {"uv": [5, 0, 10.5, 0.25], "texture": "#spot", "cullface": "down"}
			}
		},
		{
			"from": [0, 1.5, 6.5],
			"to": [16, 3, 9.5],
			"faces": {
				"north": {"uv": [5, 15, 10.5, 15.5], "rotation": 180, "texture": "#spot"},
				"east": {"uv": [10, 15, 10.5, 15.5], "texture": "#spot", "cullface": "east"},
				"south": {"uv": [5, 15, 10.5, 15.5], "texture": "#spot"},
				"west": {"uv": [5, 15, 5.5, 15.5], "texture": "#spot", "cullface": "west"}
			}
		},
		{
			"from": [0, 3, 6.5],
			"to": [16, 4.5, 9.5],
			"faces": {
				"north": {"uv": [5, 14.5, 10.5, 15], "rotation": 180, "texture": "#spot"},
				"east": {"uv": [10, 14.5, 10.5, 15], "texture": "#spot", "cullface": "east"},
				"south": {"uv": [5, 14.5, 10.5, 15], "texture": "#spot"},
				"west": {"uv": [5, 14.5, 5.5, 15], "texture": "#spot", "cullface": "west"}
			}
		},
		{
			"from": [0, 4.5, 6.5],
			"to": [16, 6, 9.5],
			"faces": {
				"north": {"uv": [5, 14, 10.5, 14.5], "rotation": 180, "texture": "#spot"},
				"east": {"uv": [10, 14, 10.5, 14.5], "texture": "#spot", "cullface": "east"},
				"south": {"uv": [5, 14, 10.5, 14.5], "texture": "#spot"},
				"west": {"uv": [5, 14, 5.5, 14.5], "texture": "#spot", "cullface": "west"}
			}
		},
		{
			"from": [0, 6, 6.5],
			"to": [16, 7.5, 9.5],
			"faces": {
				"north": {"uv": [5, 13.5, 10.5, 14], "rotation": 180, "texture": "#spot"},
				"east": {"uv": [10, 13.5, 10.5, 14], "texture": "#spot", "cullface": "east"},
				"south": {"uv": [5, 13.5, 10.5, 14], "texture": "#spot"},
				"west": {"uv": [5, 13.5, 5.5, 14], "texture": "#spot", "cullface": "west"}
			}
		},
		{
			"from": [0, 7.5, 6.5],
			"to": [16, 9, 9.5],
			"faces": {
				"north": {"uv": [5, 13, 10.5, 13.5], "rotation": 180, "texture": "#spot"},
				"east": {"uv": [10, 13, 10.5, 13.5], "texture": "#spot", "cullface": "east"},
				"south": {"uv": [5, 13, 10.5, 13.5], "texture": "#spot"},
				"west": {"uv": [5, 13, 5.5, 13.5], "texture": "#spot", "cullface": "west"},
				"up": {"uv": [5, 13, 10.5, 13.5], "texture": "#spot"}
			}
		},
		{
			"from": [0, 9, 6.5],
			"to": [3, 10.5, 9.5],
			"faces": {
				"north": {"uv": [5, 12.5, 6, 13], "rotation": 180, "texture": "#spot"},
				"east": {"uv": [5.5, 12.5, 6, 13], "texture": "#spot"},
				"south": {"uv": [5, 12.5, 6, 13], "texture": "#spot"},
				"west": {"uv": [5, 12.5, 5.5, 13], "texture": "#spot", "cullface": "west"},
				"up": {"uv": [5, 12.5, 6, 13], "texture": "#spot"}
			}
		},
		{
			"from": [13, 9, 6.5],
			"to": [16, 10.5, 9.5],
			"faces": {
				"north": {"uv": [9.5, 12.5, 10.5, 13], "rotation": 180, "texture": "#spot"},
				"east": {"uv": [10, 12.5, 10.5, 13], "texture": "#spot", "cullface": "east"},
				"south": {"uv": [9.5, 12.5, 10.5, 13], "texture": "#spot"},
				"west": {"uv": [9.5, 12.5, 10, 13], "texture": "#spot"},
				"up": {"uv": [9.5, 12.5, 10.5, 13], "texture": "#spot"}
			}
		},
		{
			"from": [0, 0, 6.5],
			"to": [16, 1.5, 9.5],
			"faces": {
				"north": {"uv": [5, 15.5, 10.5, 16], "rotation": 180, "texture": "#spot_glow"},
				"east": {"uv": [5, 0, 10.5, 0.25], "texture": "#spot_glow", "cullface": "east"},
				"south": {"uv": [5, 15.5, 10.5, 16], "texture": "#spot_glow"},
				"west": {"uv": [5, 0, 10.5, 0.25], "texture": "#spot_glow", "cullface": "west"},
				"up": {"uv": [0, 0, 0, 0], "texture": "#spot_glow"},
				"down": {"uv": [5, 0, 10.5, 0.25], "texture": "#spot_glow", "cullface": "down"}
			}
		},
		{
			"from": [0, 1.5, 6.5],
			"to": [16, 3, 9.5],
			"faces": {
				"north": {"uv": [5, 15, 10.5, 15.5], "rotation": 180, "texture": "#spot_glow"},
				"east": {"uv": [10, 15, 10.5, 15.5], "texture": "#spot_glow", "cullface": "east"},
				"south": {"uv": [5, 15, 10.5, 15.5], "texture": "#spot_glow"},
				"west": {"uv": [5, 15, 5.5, 15.5], "texture": "#spot_glow", "cullface": "west"},
				"up": {"uv": [0, 0, 0, 0], "texture": "#spot_glow"},
				"down": {"uv": [0, 0, 0, 0], "texture": "#spot_glow"}
			}
		},
		{
			"from": [0, 3, 6.5],
			"to": [16, 4.5, 9.5],
			"faces": {
				"north": {"uv": [5, 14.5, 10.5, 15], "rotation": 180, "texture": "#spot_glow"},
				"east": {"uv": [10, 14.5, 10.5, 15], "texture": "#spot_glow", "cullface": "east"},
				"south": {"uv": [5, 14.5, 10.5, 15], "texture": "#spot_glow"},
				"west": {"uv": [5, 14.5, 5.5, 15], "texture": "#spot_glow", "cullface": "west"},
				"up": {"uv": [0, 0, 0, 0], "texture": "#spot_glow"},
				"down": {"uv": [0, 0, 0, 0], "texture": "#spot_glow"}
			}
		},
		{
			"from": [0, 4.5, 6.5],
			"to": [16, 6, 9.5],
			"faces": {
				"north": {"uv": [5, 14, 10.5, 14.5], "rotation": 180, "texture": "#spot_glow"},
				"east": {"uv": [10, 14, 10.5, 14.5], "texture": "#spot_glow", "cullface": "east"},
				"south": {"uv": [5, 14, 10.5, 14.5], "texture": "#spot_glow"},
				"west": {"uv": [5, 14, 5.5, 14.5], "texture": "#spot_glow", "cullface": "west"},
				"up": {"uv": [0, 0, 0, 0], "texture": "#spot_glow"},
				"down": {"uv": [0, 0, 0, 0], "texture": "#spot_glow"}
			}
		},
		{
			"from": [0, 6, 6.5],
			"to": [16, 7.5, 9.5],
			"faces": {
				"north": {"uv": [5, 13.5, 10.5, 14], "rotation": 180, "texture": "#spot_glow"},
				"east": {"uv": [10, 13.5, 10.5, 14], "texture": "#spot_glow", "cullface": "east"},
				"south": {"uv": [5, 13.5, 10.5, 14], "texture": "#spot_glow"},
				"west": {"uv": [5, 13.5, 5.5, 14], "texture": "#spot_glow", "cullface": "west"},
				"up": {"uv": [0, 0, 0, 0], "texture": "#spot_glow"},
				"down": {"uv": [0, 0, 0, 0], "texture": "#spot_glow"}
			}
		},
		{
			"from": [0, 7.5, 6.5],
			"to": [16, 9, 9.5],
			"faces": {
				"north": {"uv": [5, 13, 10.5, 13.5], "rotation": 180, "texture": "#spot_glow"},
				"east": {"uv": [10, 13, 10.5, 13.5], "texture": "#spot_glow", "cullface": "east"},
				"south": {"uv": [5, 13, 10.5, 13.5], "texture": "#spot_glow"},
				"west": {"uv": [5, 13, 5.5, 13.5], "texture": "#spot_glow", "cullface": "west"},
				"up": {"uv": [5, 13, 10.5, 13.5], "texture": "#spot_glow"},
				"down": {"uv": [0, 0, 0, 0], "texture": "#spot_glow"}
			}
		},
		{
			"from": [0, 9, 6.5],
			"to": [3, 10.5, 9.5],
			"faces": {
				"north": {"uv": [5, 12.5, 6, 13], "rotation": 180, "texture": "#spot_glow"},
				"east": {"uv": [5.5, 12.5, 6, 13], "texture": "#spot_glow"},
				"south": {"uv": [5, 12.5, 6, 13], "texture": "#spot_glow"},
				"west": {"uv": [5, 12.5, 5.5, 13], "texture": "#spot_glow", "cullface": "west"},
				"up": {"uv": [5, 12.5, 6, 13], "texture": "#spot_glow"},
				"down": {"uv": [0, 0, 0, 0], "texture": "#spot_glow"}
			}
		},
		{
			"from": [13, 9, 6.5],
			"to": [16, 10.5, 9.5],
			"faces": {
				"north": {"uv": [9.5, 12.5, 10.5, 13], "rotation": 180, "texture": "#spot_glow"},
				"east": {"uv": [10, 12.5, 10.5, 13], "texture": "#spot_glow", "cullface": "east"},
				"south": {"uv": [9.5, 12.5, 10.5, 13], "texture": "#spot_glow"},
				"west": {"uv": [9.5, 12.5, 10, 13], "texture": "#spot_glow"},
				"up": {"uv": [9.5, 12.5, 10.5, 13], "texture": "#spot_glow"},
				"down": {"uv": [0, 0, 0, 0], "texture": "#spot_glow"}
			}
		}
	],
	"display": {
		"thirdperson_righthand": {
			"rotation": [45, 0, 0],
			"translation": [0, -0.25, -0.5],
			"scale": [0.35, 0.35, 0.35]
		},
		"thirdperson_lefthand": {
			"rotation": [45, 0, 0],
			"translation": [0, -0.25, -0.5],
			"scale": [0.35, 0.35, 0.35]
		},
		"firstperson_righthand": {
			"rotation": [0, 8, 0],
			"translation": [0, 0.25, -1],
			"scale": [0.35, 0.35, 0.35]
		},
		"firstperson_lefthand": {
			"rotation": [0, 8, 0],
			"translation": [0, 0.25, -1],
			"scale": [0.35, 0.35, 0.35]
		},
		"ground": {
			"scale": [0.1, 0.1, 0.1]
		},
		"gui": {
			"rotation": [17, -32, 0],
			"translation": [0, 0.25, -1],
			"scale": [0.35, 0.35, 0.35]
		},
		"head": {
			"translation": [0, 0, -3.25]
		},
		"fixed": {
			"scale": [0.35, 0.35, 0.35]
		}
	},
	"groups": [
		{
			"name": "spot_bottom",
			"origin": [8, 8, 8],
			"color": 0,
			"children": [0, 1, 2, 3, 4, 5, 6, 7]
		},
		{
			"name": "spot_bottom_glow",
			"origin": [8, 8, 8],
			"color": 0,
			"children": [8, 9, 10, 11, 12, 13, 14, 15]
		}
	]
}