{
	"credit": "Made with Blockbench",
	"textures": {
		"0": "supplementaries:blocks/brass_lantern",
		"particle": "supplementaries:blocks/brass_lantern"
	},
	"elements": [
		{
			"from": [5, 5, 5],
			"to": [11, 6, 11],
			"rotation": {"angle": 0, "axis": "y", "origin": [0, 5, 0]},
			"faces": {
				"north": {"uv": [1, 8, 7, 9], "texture": "#0"},
				"east": {"uv": [1, 8, 7, 9], "texture": "#0"},
				"south": {"uv": [1, 8, 7, 9], "texture": "#0"},
				"west": {"uv": [1, 8, 7, 9], "texture": "#0"},
				"up": {"uv": [10, 10, 16, 16], "texture": "#0"},
				"down": {"uv": [10, 10, 16, 16], "texture": "#0"}
			}
		},
		{
			"from": [5, 6, 5],
			"to": [11, 12, 11],
			"rotation": {"angle": 0, "axis": "y", "origin": [0, 5, 0]},
			"faces": {
				"north": {"uv": [1, 2, 7, 8], "texture": "#0"},
				"east": {"uv": [1, 2, 7, 8], "texture": "#0"},
				"south": {"uv": [1, 2, 7, 8], "texture": "#0"},
				"west": {"uv": [1, 2, 7, 8], "texture": "#0"},
				"up": {"uv": [0, 0, 0, 0], "texture": "#0"},
				"down": {"uv": [0, 0, 0, 0], "texture": "#0"}
			}
		},
		{
			"from": [4, 12, 4],
			"to": [12, 13, 12],
			"rotation": {"angle": 0, "axis": "y", "origin": [0, 5, 0]},
			"faces": {
				"north": {"uv": [0, 1, 8, 2], "texture": "#0"},
				"east": {"uv": [0, 1, 8, 2], "texture": "#0"},
				"south": {"uv": [0, 1, 8, 2], "texture": "#0"},
				"west": {"uv": [0, 1, 8, 2], "texture": "#0"},
				"up": {"uv": [8, 0, 16, 8], "texture": "#0"},
				"down": {"uv": [8, 0, 16, 8], "texture": "#0"}
			}
		},
		{
			"from": [6, 6, 6],
			"to": [10, 12, 10],
			"rotation": {"angle": 0, "axis": "y", "origin": [0, 5, 0]},
			"faces": {
				"north": {"uv": [1, 10, 5, 16], "texture": "#0", "tintindex": -101},
				"east": {"uv": [1, 10, 5, 16], "texture": "#0", "tintindex": -101},
				"south": {"uv": [1, 10, 5, 16], "texture": "#0", "tintindex": -101},
				"west": {"uv": [1, 10, 5, 16], "texture": "#0", "tintindex": -101}
			}
		},
		{
			"from": [6, 13, 6],
			"to": [10, 14, 10],
			"rotation": {"angle": 0, "axis": "y", "origin": [0, 5, 0]},
			"faces": {
				"north": {"uv": [2, 0, 6, 1], "texture": "#0"},
				"east": {"uv": [2, 0, 6, 1], "texture": "#0"},
				"south": {"uv": [2, 0, 6, 1], "texture": "#0"},
				"west": {"uv": [2, 0, 6, 1], "texture": "#0"},
				"up": {"uv": [6, 10, 10, 14], "texture": "#0"}
			}
		},
		{
			"from": [6.5, 14, 8],
			"to": [9.5, 16, 8],
			"rotation": {"angle": -45, "axis": "y", "origin": [8, 16, 8]},
			"faces": {
				"north": {"uv": [6, 14, 9, 16], "texture": "#0"},
				"east": {"uv": [0, 14, 0, 14], "texture": "#0"},
				"south": {"uv": [6, 14, 9, 16], "texture": "#0"},
				"west": {"uv": [0, 11, 0, 11], "texture": "#0"},
				"up": {"uv": [0, 0, 0, 0], "texture": "#0"},
				"down": {"uv": [0, 0, 0, 0], "texture": "#0"}
			}
		},
		{
			"from": [8, 14, 6.25],
			"to": [8, 16, 9.5],
			"rotation": {"angle": -45, "axis": "y", "origin": [8, 16, 8]},
			"faces": {
				"north": {"uv": [0, 0, 0, 0], "texture": "#0"},
				"east": {"uv": [6, 14, 9, 16], "texture": "#0"},
				"south": {"uv": [0, 0, 0, 0], "texture": "#0"},
				"west": {"uv": [6, 14, 9, 16], "texture": "#0"},
				"up": {"uv": [0, 0, 0, 0], "texture": "#0"},
				"down": {"uv": [0, 0, 0, 0], "texture": "#0"}
			}
		}
	]
}