{
	"credit": "Made with Blockbench",
	"parent": "supplementaries:block/copper_lantern",
	"textures": {
		"0": "supplementaries:blocks/copper_lantern_off",
		"particle": "supplementaries:blocks/copper_lantern_off"
	},
	"elements": [
		{
			"from": [5, 0, 5],
			"to": [11, 2, 11],
			"rotation": {"angle": 0, "axis": "y", "origin": [13, 8, 13]},
			"faces": {
				"north": {"uv": [0, 8, 6, 10], "texture": "#0"},
				"east": {"uv": [0, 8, 6, 10], "texture": "#0"},
				"south": {"uv": [0, 8, 6, 10], "texture": "#0"},
				"west": {"uv": [0, 8, 6, 10], "texture": "#0"},
				"up": {"uv": [0, 10, 6, 16], "texture": "#0"},
				"down": {"uv": [0, 10, 6, 16], "texture": "#0", "cullface": "down"}
			}
		},
		{
			"from": [5, 6, 5],
			"to": [11, 8, 11],
			"rotation": {"angle": 0, "axis": "y", "origin": [13, 15, 13]},
			"faces": {
				"north": {"uv": [0, 2, 6, 4], "texture": "#0"},
				"east": {"uv": [0, 2, 6, 4], "texture": "#0"},
				"south": {"uv": [0, 2, 6, 4], "texture": "#0"},
				"west": {"uv": [0, 2, 6, 4], "texture": "#0"},
				"up": {"uv": [0, 10, 6, 16], "texture": "#0"},
				"down": {"uv": [0, 10, 6, 16], "texture": "#0"}
			}
		},
		{
			"from": [6, 8, 6],
			"to": [10, 9, 10],
			"rotation": {"angle": 0, "axis": "y", "origin": [14, 16, 13]},
			"faces": {
				"north": {"uv": [1, 1, 5, 2], "texture": "#0"},
				"east": {"uv": [1, 1, 5, 2], "texture": "#0"},
				"south": {"uv": [1, 1, 5, 2], "texture": "#0"},
				"west": {"uv": [1, 1, 5, 2], "texture": "#0"},
				"up": {"uv": [1, 11, 5, 15], "texture": "#0"}
			}
		},
		{
			"from": [6, 2, 6],
			"to": [10, 6, 10],
			"rotation": {"angle": 0, "axis": "y", "origin": [14, 9, 14]},
			"faces": {
				"north": {"uv": [1, 4, 5, 8], "texture": "#0"},
				"east": {"uv": [1, 4, 5, 8], "texture": "#0"},
				"south": {"uv": [1, 4, 5, 8], "texture": "#0"},
				"west": {"uv": [1, 4, 5, 8], "texture": "#0"}
			}
		},
		{
			"from": [11, 1, 8],
			"to": [12, 7, 8],
			"rotation": {"angle": 0, "axis": "y", "origin": [15, 4, 7]},
			"faces": {
				"north": {"uv": [6, 3, 7, 9], "texture": "#0"},
				"east": {"uv": [7, 3, 9, 9], "texture": "#0"},
				"south": {"uv": [6, 3, 7, 9], "texture": "#0"},
				"west": {"uv": [7, 3, 9, 9], "texture": "#0"},
				"up": {"uv": [6, 3, 7, 4], "rotation": 90, "texture": "#0"},
				"down": {"uv": [6, 8, 7, 9], "rotation": 270, "texture": "#0"}
			}
		},
		{
			"from": [4, 1, 8],
			"to": [5, 7, 8],
			"rotation": {"angle": 0, "axis": "y", "origin": [8, 4, 8]},
			"faces": {
				"north": {"uv": [6, 3, 7, 9], "texture": "#0"},
				"east": {"uv": [7, 3, 9, 9], "texture": "#0"},
				"south": {"uv": [6, 3, 7, 9], "texture": "#0"},
				"west": {"uv": [7, 3, 9, 9], "texture": "#0"},
				"up": {"uv": [6, 3, 7, 4], "rotation": 90, "texture": "#0"},
				"down": {"uv": [6, 8, 7, 9], "rotation": 270, "texture": "#0"}
			}
		},
		{
			"from": [6.5, 9, 8],
			"to": [9.5, 11, 8],
			"shade": false,
			"rotation": {"angle": 45, "axis": "y", "origin": [8, 8, 8]},
			"faces": {
				"north": {"uv": [11, 1, 14, 3], "texture": "#0"},
				"east": {"uv": [0, 0, 0, 0], "texture": "#0"},
				"south": {"uv": [11, 1, 14, 3], "texture": "#0"},
				"west": {"uv": [0, 0, 0, 0], "texture": "#0"},
				"up": {"uv": [0, 0, 0, 0], "texture": "#0"},
				"down": {"uv": [0, 0, 0, 0], "texture": "#0"}
			}
		},
		{
			"from": [8, 9, 6.5],
			"to": [8, 11, 9.5],
			"shade": false,
			"rotation": {"angle": 45, "axis": "y", "origin": [8, 8, 8]},
			"faces": {
				"north": {"uv": [0, 0, 0, 0], "texture": "#0"},
				"east": {"uv": [11, 10, 14, 12], "texture": "#0"},
				"south": {"uv": [0, 0, 0, 0], "texture": "#0"},
				"west": {"uv": [11, 10, 14, 12], "texture": "#0"},
				"up": {"uv": [0, 0, 0, 0], "texture": "#0"},
				"down": {"uv": [0, 0, 0, 0], "texture": "#0"}
			}
		}
	],
	"groups": [
		0,
		1,
		2,
		3,
		{
			"name": "group",
			"origin": [16, 8, 20],
			"color": 0,
			"children": []
		},
		{
			"name": "group",
			"origin": [16, 8, 20],
			"color": 0,
			"children": [4, 5]
		},
		{
			"name": "group",
			"origin": [8, 8, 8],
			"color": 0,
			"children": [6, 7]
		}
	]
}