{
	"credit": "Made with Blockbench",
	"textures": {
		"0": "supplementaries:blocks/silver_lantern",
		"particle": "supplementaries:blocks/silver_lantern"
	},
	"elements": [
		{
			"from": [10, 5, 4],
			"to": [12, 15, 6],
			"rotation": {"angle": 0, "axis": "y", "origin": [13, 13, 13]},
			"faces": {
				"north": {"uv": [14, 6, 16, 16], "texture": "#0"},
				"east": {"uv": [12, 6, 10, 16], "texture": "#0"},
				"south": {"uv": [12, 6, 14, 16], "texture": "#0"},
				"west": {"uv": [16, 6, 14, 15], "texture": "#0"},
				"up": {"uv": [12, 6, 14, 8], "texture": "#0"},
				"down": {"uv": [14, 14, 16, 16], "texture": "#0", "cullface": "down"}
			}
		},
		{
			"from": [4, 5, 4],
			"to": [6, 15, 6],
			"rotation": {"angle": 0, "axis": "y", "origin": [13, 13, 13]},
			"faces": {
				"north": {"uv": [14, 6, 16, 16], "texture": "#0"},
				"east": {"uv": [12, 6, 10, 16], "texture": "#0"},
				"south": {"uv": [12, 6, 14, 16], "texture": "#0"},
				"west": {"uv": [16, 6, 14, 15], "texture": "#0"},
				"up": {"uv": [12, 6, 14, 8], "texture": "#0"},
				"down": {"uv": [14, 14, 16, 16], "texture": "#0", "cullface": "down"}
			}
		},
		{
			"from": [4, 5, 10],
			"to": [6, 15, 12],
			"rotation": {"angle": 0, "axis": "y", "origin": [13, 13, 13]},
			"faces": {
				"north": {"uv": [14, 6, 16, 16], "texture": "#0"},
				"east": {"uv": [12, 6, 10, 16], "texture": "#0"},
				"south": {"uv": [12, 6, 14, 16], "texture": "#0"},
				"west": {"uv": [16, 6, 14, 15], "texture": "#0"},
				"up": {"uv": [12, 6, 14, 8], "texture": "#0"},
				"down": {"uv": [14, 14, 16, 16], "texture": "#0", "cullface": "down"}
			}
		},
		{
			"from": [5, 11, 5],
			"to": [11, 14, 11],
			"rotation": {"angle": 0, "axis": "y", "origin": [13, 20, 13]},
			"faces": {
				"north": {"uv": [0, 1, 6, 4], "texture": "#0"},
				"east": {"uv": [0, 1, 6, 4], "texture": "#0"},
				"south": {"uv": [0, 1, 6, 4], "texture": "#0"},
				"west": {"uv": [0, 1, 6, 4], "texture": "#0"},
				"up": {"uv": [0, 10, 6, 16], "texture": "#0"},
				"down": {"uv": [0, 10, 6, 16], "texture": "#0"}
			}
		},
		{
			"name": "light",
			"from": [6, 7, 6],
			"to": [10, 11, 10],
			"rotation": {"angle": 0, "axis": "y", "origin": [14, 14, 14]},
			"faces": {
				"north": {"uv": [1, 4, 5, 8], "texture": "#0", "tintindex": -101},
				"east": {"uv": [1, 4, 5, 8], "texture": "#0", "tintindex": -101},
				"south": {"uv": [1, 4, 5, 8], "texture": "#0", "tintindex": -101},
				"west": {"uv": [1, 4, 5, 8], "texture": "#0", "tintindex": -101}
			}
		},
		{
			"from": [6, 6, 6],
			"to": [10, 7, 10],
			"rotation": {"angle": 0, "axis": "y", "origin": [14, 14, 14]},
			"faces": {
				"north": {"uv": [1, 8, 5, 9], "texture": "#0"},
				"east": {"uv": [1, 8, 5, 9], "texture": "#0"},
				"south": {"uv": [1, 8, 5, 9], "texture": "#0"},
				"west": {"uv": [1, 8, 5, 9], "texture": "#0"},
				"down": {"uv": [6, 12, 10, 16], "texture": "#0"}
			}
		},
		{
			"from": [6.5, 14, 8],
			"to": [9.5, 16, 8],
			"shade": false,
			"rotation": {"angle": 45, "axis": "y", "origin": [8, 13, 8]},
			"faces": {
				"north": {"uv": [13, 0, 16, 2], "texture": "#0"},
				"east": {"uv": [0, 0, 0, 0], "texture": "#0"},
				"south": {"uv": [13, 0, 16, 2], "texture": "#0"},
				"west": {"uv": [0, 0, 0, 0], "texture": "#0"},
				"up": {"uv": [0, 0, 0, 0], "texture": "#0"},
				"down": {"uv": [0, 0, 0, 0], "texture": "#0"}
			}
		},
		{
			"from": [8, 14, 6.5],
			"to": [8, 16, 9.5],
			"shade": false,
			"rotation": {"angle": 45, "axis": "y", "origin": [8, 13, 8]},
			"faces": {
				"north": {"uv": [0, 0, 0, 0], "texture": "#0"},
				"east": {"uv": [13, 0, 16, 2], "texture": "#0"},
				"south": {"uv": [0, 0, 0, 0], "texture": "#0"},
				"west": {"uv": [13, 0, 16, 2], "texture": "#0"},
				"up": {"uv": [0, 0, 0, 0], "texture": "#0"},
				"down": {"uv": [0, 0, 0, 0], "texture": "#0"}
			}
		},
		{
			"from": [10, 5, 10],
			"to": [12, 15, 12],
			"rotation": {"angle": 0, "axis": "y", "origin": [13, 13, 13]},
			"faces": {
				"north": {"uv": [14, 6, 16, 16], "texture": "#0"},
				"east": {"uv": [12, 6, 10, 16], "texture": "#0"},
				"south": {"uv": [12, 6, 14, 16], "texture": "#0"},
				"west": {"uv": [16, 6, 14, 15], "texture": "#0"},
				"up": {"uv": [12, 6, 14, 8], "texture": "#0"},
				"down": {"uv": [14, 14, 16, 16], "texture": "#0", "cullface": "down"}
			}
		}
	],
	"groups": [
		0,
		1,
		2,
		3,
		4,
		5,
		{
			"name": "group",
			"origin": [8, 8, 8],
			"color": 0,
			"children": [6, 7]
		},
		8
	]
}