{
	"credit": "Made with Blockbench",
	"parent": "minecraft:block/block",
    "render_type": "cutout",
	"textures": {
		"platform": "supplementaries:blocks/relayer_front",
		"bottom": "supplementaries:blocks/relayer_back_on",
		"bottom_overlay": "supplementaries:blocks/relayer_back_on_glow",
		"particle": "supplementaries:blocks/relayer_side",
		"side": "supplementaries:blocks/relayer_side"
	},
	"elements": [
		{
			"from": [0, 0, 0],
			"to": [16, 16, 16],
			"faces": {
				"north": {"uv": [0, 0, 16, 16], "texture": "#platform", "cullface": "north"},
				"east": {"uv": [0, 0, 16, 16], "rotation": 90, "texture": "#side", "cullface": "east"},
				"south": {"uv": [0, 0, 16, 16], "texture": "#bottom", "cullface": "south"},
				"west": {"uv": [0, 0, 16, 16], "rotation": 270, "texture": "#side", "cullface": "west"},
				"up": {"uv": [0, 0, 16, 16], "texture": "#side", "cullface": "up"},
				"down": {"uv": [0, 0, 16, 16], "rotation": 180, "texture": "#side", "cullface": "down"}
			}
		},
		{
			"from": [0, 0, 0],
			"to": [16, 16, 16],
			"faces": {
				"south": {"uv": [0, 0, 16, 16], "texture": "#bottom_overlay", "cullface": "south"}
			}
		}
	]
}