{
	"credit": "Made with Blockbench",
    "render_type": "cutout",
	"textures": {
		"top": "pokecube:block/pc_base_top",
		"details": "pokecube:block/pc_base_details",
		"details_overlay": "pokecube:block/pc_base_details_glow",
		"particle": "pokecube:block/pc_base_front",
		"front": "pokecube:block/pc_base_front",
		"front_overlay": "pokecube:block/pc_base_front_glow",
		"back": "pokecube:block/pc_base_back",
		"side": "pokecube:block/pc_base_side"
	},
	"elements": [
		{
			"name": "main",
			"from": [0, 0, 0],
			"to": [16, 16, 8],
			"faces": {
				"north": {"uv": [0, 0, 16, 16], "texture": "#back"},
				"east": {"uv": [0, 0, 8, 16], "texture": "#side"},
				"south": {"uv": [0, 0, 16, 16], "texture": "#back"},
				"west": {"uv": [0, 0, 8, 16], "texture": "#side"},
				"up": {"uv": [0, 0, 16, 8], "texture": "#top"},
				"down": {"uv": [0, 0, 16, 8], "texture": "#top"}
			}
		},
		{
			"name": "main",
			"from": [1, 0, 8],
			"to": [15, 16, 12],
			"faces": {
				"east": {"uv": [12, 0, 8, 16], "texture": "#side"},
				"south": {"uv": [1, 0, 15, 16], "texture": "#front"},
				"west": {"uv": [8, 0, 12, 16], "texture": "#side"},
				"up": {"uv": [1, 8, 15, 12], "texture": "#top"},
				"down": {"uv": [1, 8, 15, 12], "rotation": 180, "texture": "#top"}
			}
		},
		{
			"name": "main_glow",
			"from": [1, 0, 8],
			"to": [15, 16, 12],
			"faces": {
				"south": {"uv": [1, 0, 15, 16], "texture": "#front_overlay"}
			}
		},
		{
			"name": "keyboard",
			"from": [2, 14.2, 7.05],
			"to": [14, 19.2, 12.05],
			"rotation": {"angle": 45, "axis": "x", "origin": [8, 14.7, 8.05]},
			"faces": {
				"north": {"uv": [0, 5, 12, 10], "texture": "#details"},
				"east": {"uv": [0, 10, 5, 15], "texture": "#details"},
				"south": {"uv": [0, 5, 12, 10], "texture": "#details"},
				"west": {"uv": [0, 10, 5, 15], "texture": "#details"},
				"up": {"uv": [0, 0, 12, 5], "texture": "#details"}
			}
		},
		{
			"name": "keyboard_glow",
			"from": [2, 14.2, 7.05],
			"to": [14, 19.2, 12.05],
			"rotation": {"angle": 45, "axis": "x", "origin": [8, 14.7, 8.05]},
			"faces": {
				"up": {"uv": [0, 0, 12, 5], "texture": "#details_overlay"}
			}
		}
	],
	"display": {
		"thirdperson_righthand": {
			"rotation": [75, 45, 0],
			"translation": [0, 2.5, 0],
			"scale": [0.375, 0.375, 0.375]
		},
		"thirdperson_lefthand": {
			"rotation": [75, 45, 0],
			"translation": [0, 2.5, 0],
			"scale": [0.375, 0.375, 0.375]
		},
		"firstperson_righthand": {
			"rotation": [0, -45, 0],
			"translation": [0, 1, 0],
			"scale": [0.4, 0.4, 0.4]
		},
		"firstperson_lefthand": {
			"rotation": [0, -45, 0],
			"translation": [0, 1, 0],
			"scale": [0.4, 0.4, 0.4]
		},
		"ground": {
			"translation": [0, 3, 0],
			"scale": [0.25, 0.25, 0.25]
		},
		"gui": {
			"rotation": [30, -45, 0],
			"translation": [-1, 0, 0],
			"scale": [0.625, 0.625, 0.625]
		},
		"head": {
			"rotation": [0, 180, 0],
			"translation": [0, 0, -3]
		},
		"fixed": {
			"rotation": [0, -180, 0],
			"translation": [0, 0, -2],
			"scale": [0.5, 0.5, 0.5]
		}
	}
}