{
	"credit": "Made with Blockbench",
	"ambientocclusion": false,
    "render_type": "cutout",
	"textures": {
		"slab": "block/smooth_stone",
		"particle": "block/repeater_on",
		"top": "block/repeater_on",
		"lit": "block/redstone_torch",
		"repeater_overlay": "block/repeater_on_overlay",
		"torch_overlay": "block/redstone_torch_overlay"
	},
	"elements": [
		{
			"from": [7, 7, 8],
			"to": [9, 7, 10],
			"faces": {
				"up": {"uv": [7, 6, 9, 8], "texture": "#lit"}
			}
		},
		{
			"from": [7, 2, 7],
			"to": [9, 8, 11],
			"faces": {
				"east": {"uv": [6, 5, 10, 11], "texture": "#lit"},
				"west": {"uv": [6, 5, 10, 11], "texture": "#lit"}
			}
		},
		{
			"from": [6, 2, 8],
			"to": [10, 8, 10],
			"faces": {
				"north": {"uv": [6, 5, 10, 11], "texture": "#lit"},
				"south": {"uv": [6, 5, 10, 11], "texture": "#lit"}
			}
		},
		{
			"from": [7, 7, 2],
			"to": [9, 7, 4],
			"faces": {
				"up": {"uv": [7, 6, 9, 8], "texture": "#lit"}
			}
		},
		{
			"from": [7, 2, 1],
			"to": [9, 8, 5],
			"faces": {
				"east": {"uv": [6, 5, 10, 11], "texture": "#lit"},
				"west": {"uv": [6, 5, 10, 11], "texture": "#lit"}
			}
		},
		{
			"from": [6, 2, 2],
			"to": [10, 8, 4],
			"faces": {
				"north": {"uv": [6, 5, 10, 11], "texture": "#lit"},
				"south": {"uv": [6, 5, 10, 11], "texture": "#lit"}
			}
		},
		{
			"from": [0, 0.01, 0],
			"to": [16, 2.01, 16],
			"faces": {
				"up": {"uv": [0, 0, 16, 16], "texture": "#repeater_overlay", "tintindex": -101}
			}
		},
		{
			"from": [7, 7, 8],
			"to": [9, 7, 10],
			"faces": {
				"up": {"uv": [7, 6, 9, 8], "texture": "#torch_overlay"}
			}
		},
		{
			"from": [7, 2, 7],
			"to": [9, 8, 11],
			"faces": {
				"east": {"uv": [6, 5, 10, 11], "texture": "#torch_overlay"},
				"west": {"uv": [6, 5, 10, 11], "texture": "#torch_overlay"}
			}
		},
		{
			"from": [6, 2, 8],
			"to": [10, 8, 10],
			"faces": {
				"north": {"uv": [6, 5, 10, 11], "texture": "#torch_overlay"},
				"south": {"uv": [6, 5, 10, 11], "texture": "#torch_overlay"}
			}
		},
		{
			"from": [7, 7, 2],
			"to": [9, 7, 4],
			"faces": {
				"up": {"uv": [7, 6, 9, 8], "texture": "#torch_overlay"}
			}
		},
		{
			"from": [7, 2, 1],
			"to": [9, 8, 5],
			"faces": {
				"east": {"uv": [6, 5, 10, 11], "texture": "#torch_overlay"},
				"west": {"uv": [6, 5, 10, 11], "texture": "#torch_overlay"}
			}
		},
		{
			"from": [6, 2, 2],
			"to": [10, 8, 4],
			"faces": {
				"north": {"uv": [6, 5, 10, 11], "texture": "#torch_overlay"},
				"south": {"uv": [6, 5, 10, 11], "texture": "#torch_overlay"}
			}
		},
		{
			"from": [0, 0, 0],
			"to": [16, 2, 16],
			"faces": {
				"north": {"uv": [0, 14, 16, 16], "texture": "#slab", "cullface": "north"},
				"east": {"uv": [0, 14, 16, 16], "texture": "#slab", "cullface": "east"},
				"south": {"uv": [0, 14, 16, 16], "texture": "#slab", "cullface": "south"},
				"west": {"uv": [0, 14, 16, 16], "texture": "#slab", "cullface": "west"},
				"up": {"uv": [0, 0, 16, 16], "texture": "#top"},
				"down": {"uv": [0, 0, 16, 16], "texture": "#slab", "cullface": "down"}
			}
		}
	],
	"groups": [
		{
			"name": "cutout",
			"origin": [0, 0, 0],
			"color": 0,
			"children": [0, 1, 2, 3, 4, 5]
		},
		{
			"name": "overlay",
			"origin": [8, 8, 8],
			"color": 0,
			"children": [6, 7, 8, 9, 10, 11, 12]
		},
		{
			"name": "solid",
			"origin": [0, 0, 0],
			"color": 0,
			"children": [13]
		}
	]
}