{
	"credit": "Made with Blockbench",
	"parent": "block/cube_all",
    "render_type": "cutout",
	"textures": {
		"all": "block/redstone_ore",
		"all_overlay": "block/redstone_ore_glow"
	},
	"elements": [
		{
			"from": [0, 0, 0],
			"to": [16, 16, 16],
			"faces": {
				"north": {"uv": [0, 0, 16, 16], "texture": "#all", "cullface": "north"},
				"east": {"uv": [0, 0, 16, 16], "texture": "#all", "cullface": "east"},
				"south": {"uv": [0, 0, 16, 16], "texture": "#all", "cullface": "south"},
				"west": {"uv": [0, 0, 16, 16], "texture": "#all", "cullface": "west"},
				"up": {"uv": [0, 0, 16, 16], "texture": "#all", "cullface": "up"},
				"down": {"uv": [0, 0, 16, 16], "texture": "#all", "cullface": "down"}
			}
		},
		{
			"from": [-0.1, -0.1, -0.1],
			"to": [16.1, 16.1, 16.1],
			"faces": {
				"north": {"uv": [0, 0, 16, 16], "texture": "#all_overlay", "cullface": "north", "tintindex": -101},
				"east": {"uv": [0, 0, 16, 16], "texture": "#all_overlay", "cullface": "east", "tintindex": -101},
				"south": {"uv": [0, 0, 16, 16], "texture": "#all_overlay", "cullface": "south", "tintindex": -101},
				"west": {"uv": [0, 0, 16, 16], "texture": "#all_overlay", "cullface": "west", "tintindex": -101},
				"up": {"uv": [0, 0, 16, 16], "texture": "#all_overlay", "cullface": "up", "tintindex": -101},
				"down": {"uv": [0, 0, 16, 16], "texture": "#all_overlay", "cullface": "down", "tintindex": -101}
			}
		}
	]
}