{
	"credit": "Made with Blockbench",
    "render_type": "cutout",
	"textures": {
		"top": "pokecube:block/pc_top_top",
		"side": "pokecube:block/pc_top_side",
		"back": "pokecube:block/pc_top_back",
		"particle": "pokecube:block/pc_top_front",
		"front": "pokecube:block/pc_top_front",
		"front_overlay": "pokecube:block/pc_top_front_glow"
	},
	"elements": [
		{
			"name": "main",
			"from": [0, 0, 0],
			"to": [16, 16, 8],
			"faces": {
				"north": {"uv": [0, 0, 16, 16], "texture": "#back"},
				"east": {"uv": [0, 0, 8, 16], "texture": "#side"},
				"south": {"uv": [0, 0, 16, 16], "texture": "#front"},
				"west": {"uv": [0, 0, 8, 16], "texture": "#side"},
				"up": {"uv": [0, 0, 16, 8], "texture": "#top"},
				"down": {"uv": [0, 0, 16, 8], "texture": "#top"}
			}
		},
		{
			"name": "main_glow",
			"from": [0, 0, 0],
			"to": [16, 16, 8],
			"faces": {
				"north": {"uv": [0, 0, 16, 16], "texture": "#back"},
				"east": {"uv": [0, 0, 8, 16], "texture": "#side"},
				"south": {"uv": [0, 0, 16, 16], "texture": "#front_overlay"},
				"west": {"uv": [0, 0, 8, 16], "texture": "#side"},
				"up": {"uv": [0, 0, 16, 8], "texture": "#top"},
				"down": {"uv": [0, 0, 16, 8], "texture": "#top"}
			}
		}
	],
	"display": {
		"thirdperson_righthand": {
			"rotation": [75, 45, 0],
			"translation": [0, 1.25, 0],
			"scale": [0.375, 0.375, 0.375]
		},
		"thirdperson_lefthand": {
			"rotation": [75, 45, 0],
			"translation": [0, 1.25, 0],
			"scale": [0.375, 0.375, 0.375]
		},
		"firstperson_righthand": {
			"rotation": [0, -45, 0],
			"translation": [0, 1, 0],
			"scale": [0.4, 0.4, 0.4]
		},
		"firstperson_lefthand": {
			"rotation": [0, -45, 0],
			"translation": [0, 1, 0],
			"scale": [0.4, 0.4, 0.4]
		},
		"ground": {
			"translation": [0, 3, 0],
			"scale": [0.25, 0.25, 0.25]
		},
		"gui": {
			"rotation": [30, -45, 0],
			"translation": [-1.5, 0, 0],
			"scale": [0.625, 0.625, 0.625]
		},
		"head": {
			"rotation": [0, 180, 0],
			"translation": [0, 0, -7]
		},
		"fixed": {
			"rotation": [0, -180, 0],
			"translation": [0, 0, -2],
			"scale": [0.5, 0.5, 0.5]
		}
	}
}