{
	"credit": "Made with Blockbench",
	"textures": {
		"0": "supplementaries:blocks/silver_lantern_off",
		"particle": "supplementaries:blocks/silver_lantern_off"
	},
	"elements": [
		{
			"from": [10, 0, 4],
			"to": [12, 10, 6],
			"rotation": {"angle": 0, "axis": "y", "origin": [13, 8, 13]},
			"faces": {
				"north": {"uv": [14, 6, 16, 16], "texture": "#0"},
				"east": {"uv": [12, 6, 10, 16], "texture": "#0"},
				"south": {"uv": [12, 6, 14, 16], "texture": "#0"},
				"west": {"uv": [16, 6, 14, 15], "texture": "#0"},
				"up": {"uv": [12, 6, 14, 8], "texture": "#0"},
				"down": {"uv": [14, 14, 16, 16], "texture": "#0", "cullface": "down"}
			}
		},
		{
			"from": [4, 0, 4],
			"to": [6, 10, 6],
			"rotation": {"angle": 0, "axis": "y", "origin": [13, 8, 13]},
			"faces": {
				"north": {"uv": [14, 6, 16, 16], "texture": "#0"},
				"east": {"uv": [12, 6, 10, 16], "texture": "#0"},
				"south": {"uv": [12, 6, 14, 16], "texture": "#0"},
				"west": {"uv": [16, 6, 14, 15], "texture": "#0"},
				"up": {"uv": [12, 6, 14, 8], "texture": "#0"},
				"down": {"uv": [14, 14, 16, 16], "texture": "#0", "cullface": "down"}
			}
		},
		{
			"from": [4, 0, 10],
			"to": [6, 10, 12],
			"rotation": {"angle": 0, "axis": "y", "origin": [13, 8, 13]},
			"faces": {
				"north": {"uv": [14, 6, 16, 16], "texture": "#0"},
				"east": {"uv": [12, 6, 10, 16], "texture": "#0"},
				"south": {"uv": [12, 6, 14, 16], "texture": "#0"},
				"west": {"uv": [16, 6, 14, 15], "texture": "#0"},
				"up": {"uv": [12, 6, 14, 8], "texture": "#0"},
				"down": {"uv": [14, 14, 16, 16], "texture": "#0", "cullface": "down"}
			}
		},
		{
			"from": [5, 6, 5],
			"to": [11, 9, 11],
			"rotation": {"angle": 0, "axis": "y", "origin": [13, 15, 13]},
			"faces": {
				"north": {"uv": [0, 1, 6, 4], "texture": "#0"},
				"east": {"uv": [0, 1, 6, 4], "texture": "#0"},
				"south": {"uv": [0, 1, 6, 4], "texture": "#0"},
				"west": {"uv": [0, 1, 6, 4], "texture": "#0"},
				"up": {"uv": [0, 10, 6, 16], "texture": "#0"},
				"down": {"uv": [0, 10, 6, 16], "texture": "#0"}
			}
		},
		{
			"from": [6, 1, 6],
			"to": [10, 6, 10],
			"rotation": {"angle": 0, "axis": "y", "origin": [14, 9, 14]},
			"faces": {
				"north": {"uv": [1, 4, 5, 9], "texture": "#0"},
				"east": {"uv": [1, 4, 5, 9], "texture": "#0"},
				"south": {"uv": [1, 4, 5, 9], "texture": "#0"},
				"west": {"uv": [1, 4, 5, 9], "texture": "#0"},
				"down": {"uv": [6, 12, 10, 16], "texture": "#0"}
			}
		},
		{
			"from": [11, 1, 8],
			"to": [12, 7, 8],
			"rotation": {"angle": 0, "axis": "y", "origin": [15, 4, 7]},
			"faces": {
				"north": {"uv": [6, 3, 7, 9], "texture": "#0"},
				"east": {"uv": [7, 3, 9, 9], "texture": "#0"},
				"south": {"uv": [6, 3, 7, 9], "texture": "#0"},
				"west": {"uv": [7, 3, 9, 9], "texture": "#0"},
				"up": {"uv": [6, 3, 7, 4], "rotation": 90, "texture": "#0"},
				"down": {"uv": [6, 8, 7, 9], "rotation": 270, "texture": "#0"}
			}
		},
		{
			"from": [4, 1, 8],
			"to": [5, 7, 8],
			"rotation": {"angle": 0, "axis": "y", "origin": [8, 4, 8]},
			"faces": {
				"north": {"uv": [6, 3, 7, 9], "texture": "#0"},
				"east": {"uv": [7, 3, 9, 9], "texture": "#0"},
				"south": {"uv": [6, 3, 7, 9], "texture": "#0"},
				"west": {"uv": [7, 3, 9, 9], "texture": "#0"},
				"up": {"uv": [6, 3, 7, 4], "rotation": 90, "texture": "#0"},
				"down": {"uv": [6, 8, 7, 9], "rotation": 270, "texture": "#0"}
			}
		},
		{
			"from": [6.5, 9, 8],
			"to": [9.5, 11, 8],
			"shade": false,
			"rotation": {"angle": 45, "axis": "y", "origin": [8, 8, 8]},
			"faces": {
				"north": {"uv": [13, 0, 16, 2], "texture": "#0"},
				"east": {"uv": [0, 0, 0, 0], "texture": "#0"},
				"south": {"uv": [13, 0, 16, 2], "texture": "#0"},
				"west": {"uv": [0, 0, 0, 0], "texture": "#0"},
				"up": {"uv": [0, 0, 0, 0], "texture": "#0"},
				"down": {"uv": [0, 0, 0, 0], "texture": "#0"}
			}
		},
		{
			"from": [8, 9, 6.5],
			"to": [8, 11, 9.5],
			"shade": false,
			"rotation": {"angle": 45, "axis": "y", "origin": [8, 8, 8]},
			"faces": {
				"north": {"uv": [0, 0, 0, 0], "texture": "#0"},
				"east": {"uv": [13, 0, 16, 2], "texture": "#0"},
				"south": {"uv": [0, 0, 0, 0], "texture": "#0"},
				"west": {"uv": [13, 0, 16, 2], "texture": "#0"},
				"up": {"uv": [0, 0, 0, 0], "texture": "#0"},
				"down": {"uv": [0, 0, 0, 0], "texture": "#0"}
			}
		},
		{
			"from": [10, 0, 10],
			"to": [12, 10, 12],
			"rotation": {"angle": 0, "axis": "y", "origin": [13, 8, 13]},
			"faces": {
				"north": {"uv": [14, 6, 16, 16], "texture": "#0"},
				"east": {"uv": [12, 6, 10, 16], "texture": "#0"},
				"south": {"uv": [12, 6, 14, 16], "texture": "#0"},
				"west": {"uv": [16, 6, 14, 15], "texture": "#0"},
				"up": {"uv": [12, 6, 14, 8], "texture": "#0"},
				"down": {"uv": [14, 14, 16, 16], "texture": "#0", "cullface": "down"}
			}
		}
	],
	"groups": [
		0,
		1,
		2,
		3,
		4,
		{
			"name": "group",
			"origin": [16, 8, 20],
			"color": 0,
			"children": [5, 6]
		},
		{
			"name": "group",
			"origin": [8, 8, 8],
			"color": 0,
			"children": [7, 8]
		},
		9
	]
}