{
	"credit": "Made with Blockbench",
	"parent": "minecraft:block/block",
    "render_type": "cutout",
	"textures": {
        "particle": "#side"
	},
	"elements": [
		{
			"from": [0, 0, 0],
			"to": [16, 16, 16],
			"faces": {
				"north": {"uv": [0, 0, 16, 16], "texture": "#side", "cullface": "north"},
				"east": {"uv": [0, 0, 16, 16], "texture": "#side", "cullface": "east"},
				"south": {"uv": [0, 0, 16, 16], "texture": "#side", "cullface": "south"},
				"west": {"uv": [0, 0, 16, 16], "texture": "#side", "cullface": "west"},
				"up": {"uv": [0, 0, 16, 16], "texture": "#end", "cullface": "up"},
				"down": {"uv": [0, 0, 16, 16], "texture": "#end", "cullface": "down"}
			}
		},
		{
			"from": [0, 0, 0],
			"to": [16, 16, 16],
			"faces": {
				"north": {"uv": [0, 0, 16, 16], "texture": "#side_overlay", "cullface": "north"},
				"east": {"uv": [0, 0, 16, 16], "texture": "#side_overlay", "cullface": "east"},
				"south": {"uv": [0, 0, 16, 16], "texture": "#side_overlay", "cullface": "south_overlay"},
				"west": {"uv": [0, 0, 16, 16], "texture": "#side_overlay", "cullface": "west"},
				"up": {"uv": [0, 0, 16, 16], "texture": "#end_overlay", "cullface": "up"},
				"down": {"uv": [0, 0, 16, 16], "texture": "#end_overlay", "cullface": "down"}
			}
		}
	]
}